simulation,parameter,origin,destination,value,delta_vs_1
bud=1.00e+05_lam=10_alfa=0.1_mu_al=1.00e-08_mu_bet=1.00e-03_python.mat,alfa_od,BCN,MAH,1.003888571,0.003888571
bud=1.00e+05_lam=10_alfa=0.1_mu_al=1.00e-08_mu_bet=1.00e-03_python.mat,alfa_od,MAH,BCN,1.003821776,0.003821776
bud=1.00e+05_lam=10_alfa=0.1_mu_al=1.00e-08_mu_bet=1.00e-03_python.mat,alfa_od,BCN,IBZ,1.002793339,0.002793339
bud=1.00e+05_lam=10_alfa=0.1_mu_al=1.00e-08_mu_bet=1.00e-03_python.mat,alfa_od,IBZ,BCN,1.002792633,0.002792633
bud=1.00e+05_lam=10_alfa=0.1_mu_al=1.00e-08_mu_bet=1.00e-03_python.mat,alfa_od,BIO,BCN,1.001806151,0.001806151
bud=1.00e+05_lam=10_alfa=0.1_mu_al=1.00e-08_mu_bet=1.00e-03_python.mat,alfa_od,BCN,BIO,1.001805446,0.001805446
bud=1.00e+05_lam=10_alfa=0.1_mu_al=1.00e-08_mu_bet=1.00e-03_python.mat,alfa_od,BCN,MXP,1.000449896,0.000449896
bud=1.00e+05_lam=10_alfa=0.1_mu_al=1.00e-08_mu_bet=1.00e-03_python.mat,alfa_od,MXP,BCN,1.000438775,0.000438775
bud=1.00e+05_lam=10_alfa=0.1_mu_al=1.00e-08_mu_bet=1.00e-03_python.mat,alfa_od,BCN,PMI,1.000381256,0.000381256
bud=1.00e+05_lam=10_alfa=0.1_mu_al=1.00e-08_mu_bet=1.00e-03_python.mat,alfa_od,PMI,BCN,1.000381168,0.000381168
bud=1.00e+05_lam=10_alfa=0.1_mu_al=1.00e-08_mu_bet=1.00e-03_python.mat,alfa_od,MAD,BIO,1.000086574,0.000086574
bud=1.00e+05_lam=10_alfa=0.1_mu_al=1.00e-08_mu_bet=1.00e-03_python.mat,alfa_od,BIO,MAD,1.000085689,0.000085689
bud=1.00e+05_lam=10_alfa=0.1_mu_al=1.00e-08_mu_bet=1.00e-03_python.mat,alfa_od,VLC,MAD,1.000035145,0.000035145
bud=1.00e+05_lam=10_alfa=0.1_mu_al=1.00e-08_mu_bet=1.00e-03_python.mat,alfa_od,MAD,VLC,1.000029523,0.000029523
bud=1.00e+05_lam=10_alfa=0.1_mu_al=1.00e-08_mu_bet=1.00e-03_python.mat,alfa_od,IBZ,VLC,1.000026416,0.000026416
bud=1.00e+05_lam=10_alfa=0.1_mu_al=1.00e-08_mu_bet=1.00e-03_python.mat,alfa_od,VLC,IBZ,1.000026270,0.000026270
bud=1.00e+05_lam=10_alfa=0.1_mu_al=1.00e-08_mu_bet=1.00e-03_python.mat,alfa_od,VLC,PMI,1.000012031,0.000012031
bud=1.00e+05_lam=10_alfa=0.1_mu_al=1.00e-08_mu_bet=1.00e-03_python.mat,alfa_od,PMI,VLC,1.000010646,0.000010646
bud=1.00e+05_lam=10_alfa=0.1_mu_al=1.00e-08_mu_bet=1.00e-03_python.mat,alfa_od,PMI,IBZ,1.000002975,0.000002975
bud=1.00e+05_lam=10_alfa=0.1_mu_al=1.00e-08_mu_bet=1.00e-03_python.mat,alfa_od,IBZ,PMI,1.000002884,0.000002884
bud=1.00e+05_lam=10_alfa=0.1_mu_al=1.00e-08_mu_bet=1.00e-03_python.mat,alfa_od,PMI,MAH,1.000002314,0.000002314
bud=1.00e+05_lam=10_alfa=0.1_mu_al=1.00e-08_mu_bet=1.00e-03_python.mat,alfa_od,MAH,PMI,1.000002242,0.000002242
bud=1.00e+05_lam=10_alfa=0.1_mu_al=1.00e-08_mu_bet=1.00e-03_python.mat,beta_od,BCN,MAH,1.005703928,0.005703928
bud=1.00e+05_lam=10_alfa=0.1_mu_al=1.00e-08_mu_bet=1.00e-03_python.mat,beta_od,MAH,BCN,1.005638682,0.005638682
bud=1.00e+05_lam=10_alfa=0.1_mu_al=1.00e-08_mu_bet=1.00e-03_python.mat,beta_od,MAD,GRU,0.995845565,-0.004154435
bud=1.00e+05_lam=10_alfa=0.1_mu_al=1.00e-08_mu_bet=1.00e-03_python.mat,beta_od,BCN,IBZ,1.003831767,0.003831767
bud=1.00e+05_lam=10_alfa=0.1_mu_al=1.00e-08_mu_bet=1.00e-03_python.mat,beta_od,IBZ,BCN,1.003831189,0.003831189
bud=1.00e+05_lam=10_alfa=0.1_mu_al=1.00e-08_mu_bet=1.00e-03_python.mat,beta_od,MAD,BCN,0.996302843,-0.003697157
bud=1.00e+05_lam=10_alfa=0.1_mu_al=1.00e-08_mu_bet=1.00e-03_python.mat,beta_od,BCN,MAD,0.996332388,-0.003667612
bud=1.00e+05_lam=10_alfa=0.1_mu_al=1.00e-08_mu_bet=1.00e-03_python.mat,beta_od,BIO,BCN,1.002971717,0.002971717
bud=1.00e+05_lam=10_alfa=0.1_mu_al=1.00e-08_mu_bet=1.00e-03_python.mat,beta_od,BCN,BIO,1.002970848,0.002970848
bud=1.00e+05_lam=10_alfa=0.1_mu_al=1.00e-08_mu_bet=1.00e-03_python.mat,beta_od,SVQ,MAD,0.997895464,-0.002104536
bud=1.00e+05_lam=10_alfa=0.1_mu_al=1.00e-08_mu_bet=1.00e-03_python.mat,beta_od,BIO,LHR,0.999507393,-0.000492607
bud=1.00e+05_lam=10_alfa=0.1_mu_al=1.00e-08_mu_bet=1.00e-03_python.mat,beta_od,PMI,BCN,0.999524338,-0.000475662
bud=1.00e+05_lam=10_alfa=0.1_mu_al=1.00e-08_mu_bet=1.00e-03_python.mat,beta_od,BCN,PMI,0.999524385,-0.000475615
bud=1.00e+05_lam=10_alfa=0.1_mu_al=1.00e-08_mu_bet=1.00e-03_python.mat,beta_od,LHR,BIO,0.999527425,-0.000472575
bud=1.00e+05_lam=10_alfa=0.1_mu_al=1.00e-08_mu_bet=1.00e-03_python.mat,beta_od,IBZ,VLC,1.000204583,0.000204583
bud=1.00e+05_lam=10_alfa=0.1_mu_al=1.00e-08_mu_bet=1.00e-03_python.mat,beta_od,VLC,IBZ,1.000203776,0.000203776
bud=1.00e+05_lam=10_alfa=0.1_mu_al=1.00e-08_mu_bet=1.00e-03_python.mat,beta_od,MAD,BIO,1.000128932,0.000128932
bud=1.00e+05_lam=10_alfa=0.1_mu_al=1.00e-08_mu_bet=1.00e-03_python.mat,beta_od,BIO,MAD,1.000127279,0.000127279
bud=1.00e+05_lam=10_alfa=0.1_mu_al=1.00e-08_mu_bet=1.00e-03_python.mat,beta_od,MXP,BCN,1.000110592,0.000110592
bud=1.00e+05_lam=10_alfa=0.1_mu_al=1.00e-08_mu_bet=1.00e-03_python.mat,beta_od,BCN,MXP,1.000105785,0.000105785
bud=1.00e+05_lam=10_alfa=0.1_mu_al=1.00e-08_mu_bet=1.00e-03_python.mat,beta_od,VLC,MAD,1.000065740,0.000065740
bud=1.00e+05_lam=10_alfa=0.1_mu_al=1.00e-08_mu_bet=1.00e-03_python.mat,beta_od,MAD,VLC,1.000052637,0.000052637
bud=1.00e+05_lam=10_alfa=0.1_mu_al=1.00e-08_mu_bet=1.00e-03_python.mat,beta_od,VLC,PMI,1.000028276,0.000028276
bud=1.00e+05_lam=10_alfa=0.1_mu_al=1.00e-08_mu_bet=1.00e-03_python.mat,beta_od,PMI,VLC,1.000025330,0.000025330
bud=1.00e+05_lam=10_alfa=0.1_mu_al=1.00e-08_mu_bet=1.00e-03_python.mat,beta_od,PMI,IBZ,1.000011448,0.000011448
bud=1.00e+05_lam=10_alfa=0.1_mu_al=1.00e-08_mu_bet=1.00e-03_python.mat,beta_od,IBZ,PMI,1.000011106,0.000011106
bud=1.00e+05_lam=10_alfa=0.1_mu_al=1.00e-08_mu_bet=1.00e-03_python.mat,beta_od,PMI,MAH,1.000010645,0.000010645
bud=1.00e+05_lam=10_alfa=0.1_mu_al=1.00e-08_mu_bet=1.00e-03_python.mat,beta_od,MAH,PMI,1.000010322,0.000010322
bud=1.00e+06_lam=10_alfa=0.1_mu_al=1.00e-08_mu_bet=1.00e-03_python.mat,alfa_od,JFK,MAD,1.002051339,0.002051339
bud=1.00e+06_lam=10_alfa=0.1_mu_al=1.00e-08_mu_bet=1.00e-03_python.mat,alfa_od,MAD,JFK,1.001501384,0.001501384
bud=1.00e+06_lam=10_alfa=0.1_mu_al=1.00e-08_mu_bet=1.00e-03_python.mat,alfa_od,MAD,BCN,1.001154355,0.001154355
bud=1.00e+06_lam=10_alfa=0.1_mu_al=1.00e-08_mu_bet=1.00e-03_python.mat,alfa_od,LHR,MAD,1.001031464,0.001031464
bud=1.00e+06_lam=10_alfa=0.1_mu_al=1.00e-08_mu_bet=1.00e-03_python.mat,alfa_od,BCN,MAD,1.000993225,0.000993225
bud=1.00e+06_lam=10_alfa=0.1_mu_al=1.00e-08_mu_bet=1.00e-03_python.mat,alfa_od,BCN,PMI,1.000471271,0.000471271
bud=1.00e+06_lam=10_alfa=0.1_mu_al=1.00e-08_mu_bet=1.00e-03_python.mat,alfa_od,PMI,BCN,1.000468559,0.000468559
bud=1.00e+06_lam=10_alfa=0.1_mu_al=1.00e-08_mu_bet=1.00e-03_python.mat,alfa_od,VLC,MAD,1.000412067,0.000412067
bud=1.00e+06_lam=10_alfa=0.1_mu_al=1.00e-08_mu_bet=1.00e-03_python.mat,alfa_od,BIO,BCN,1.000382353,0.000382353
bud=1.00e+06_lam=10_alfa=0.1_mu_al=1.00e-08_mu_bet=1.00e-03_python.mat,alfa_od,BCN,BIO,1.000381416,0.000381416
bud=1.00e+06_lam=10_alfa=0.1_mu_al=1.00e-08_mu_bet=1.00e-03_python.mat,alfa_od,MAD,BIO,1.000362020,0.000362020
bud=1.00e+06_lam=10_alfa=0.1_mu_al=1.00e-08_mu_bet=1.00e-03_python.mat,alfa_od,BCN,IBZ,1.000341403,0.000341403
bud=1.00e+06_lam=10_alfa=0.1_mu_al=1.00e-08_mu_bet=1.00e-03_python.mat,alfa_od,IBZ,BCN,1.000340397,0.000340397
bud=1.00e+06_lam=10_alfa=0.1_mu_al=1.00e-08_mu_bet=1.00e-03_python.mat,alfa_od,BIO,MAD,1.000322235,0.000322235
bud=1.00e+06_lam=10_alfa=0.1_mu_al=1.00e-08_mu_bet=1.00e-03_python.mat,alfa_od,BCN,MAH,1.000289243,0.000289243
bud=1.00e+06_lam=10_alfa=0.1_mu_al=1.00e-08_mu_bet=1.00e-03_python.mat,alfa_od,MAH,BCN,1.000245078,0.000245078
bud=1.00e+06_lam=10_alfa=0.1_mu_al=1.00e-08_mu_bet=1.00e-03_python.mat,alfa_od,VLC,PMI,1.000210947,0.000210947
bud=1.00e+06_lam=10_alfa=0.1_mu_al=1.00e-08_mu_bet=1.00e-03_python.mat,alfa_od,LHR,BIO,1.000207610,0.000207610
bud=1.00e+06_lam=10_alfa=0.1_mu_al=1.00e-08_mu_bet=1.00e-03_python.mat,alfa_od,BCN,MXP,1.000192204,0.000192204
bud=1.00e+06_lam=10_alfa=0.1_mu_al=1.00e-08_mu_bet=1.00e-03_python.mat,alfa_od,MAD,VLC,1.000163785,0.000163785
bud=1.00e+06_lam=10_alfa=0.1_mu_al=1.00e-08_mu_bet=1.00e-03_python.mat,alfa_od,MXP,BCN,1.000159666,0.000159666
bud=1.00e+06_lam=10_alfa=0.1_mu_al=1.00e-08_mu_bet=1.00e-03_python.mat,alfa_od,PMI,VLC,1.000156914,0.000156914
bud=1.00e+06_lam=10_alfa=0.1_mu_al=1.00e-08_mu_bet=1.00e-03_python.mat,alfa_od,MAD,LHR,1.000155792,0.000155792
bud=1.00e+06_lam=10_alfa=0.1_mu_al=1.00e-08_mu_bet=1.00e-03_python.mat,alfa_od,PMI,IBZ,1.000143684,0.000143684
bud=1.00e+06_lam=10_alfa=0.1_mu_al=1.00e-08_mu_bet=1.00e-03_python.mat,alfa_od,IBZ,PMI,1.000140151,0.000140151
bud=1.00e+06_lam=10_alfa=0.1_mu_al=1.00e-08_mu_bet=1.00e-03_python.mat,alfa_od,BIO,LHR,1.000132533,0.000132533
bud=1.00e+06_lam=10_alfa=0.1_mu_al=1.00e-08_mu_bet=1.00e-03_python.mat,alfa_od,PMI,MAH,1.000105332,0.000105332
bud=1.00e+06_lam=10_alfa=0.1_mu_al=1.00e-08_mu_bet=1.00e-03_python.mat,alfa_od,MAH,PMI,1.000102400,0.000102400
bud=1.00e+06_lam=10_alfa=0.1_mu_al=1.00e-08_mu_bet=1.00e-03_python.mat,alfa_od,IBZ,VLC,1.000056669,0.000056669
bud=1.00e+06_lam=10_alfa=0.1_mu_al=1.00e-08_mu_bet=1.00e-03_python.mat,alfa_od,VLC,IBZ,1.000054088,0.000054088
bud=1.00e+06_lam=10_alfa=0.1_mu_al=1.00e-08_mu_bet=1.00e-03_python.mat,beta_od,EZE,MAD,0.904624872,-0.095375128
bud=1.00e+06_lam=10_alfa=0.1_mu_al=1.00e-08_mu_bet=1.00e-03_python.mat,beta_od,SVQ,MAD,0.921708036,-0.078291964
bud=1.00e+06_lam=10_alfa=0.1_mu_al=1.00e-08_mu_bet=1.00e-03_python.mat,beta_od,MEX,MAD,0.930226852,-0.069773148
bud=1.00e+06_lam=10_alfa=0.1_mu_al=1.00e-08_mu_bet=1.00e-03_python.mat,beta_od,GRU,MAD,0.982451903,-0.017548097
bud=1.00e+06_lam=10_alfa=0.1_mu_al=1.00e-08_mu_bet=1.00e-03_python.mat,beta_od,MAD,GRU,0.991104016,-0.008895984
bud=1.00e+06_lam=10_alfa=0.1_mu_al=1.00e-08_mu_bet=1.00e-03_python.mat,beta_od,MAD,JFK,0.997899240,-0.002100760
bud=1.00e+06_lam=10_alfa=0.1_mu_al=1.00e-08_mu_bet=1.00e-03_python.mat,beta_od,JFK,MAD,0.998150217,-0.001849783
bud=1.00e+06_lam=10_alfa=0.1_mu_al=1.00e-08_mu_bet=1.00e-03_python.mat,beta_od,LHR,BIO,1.001034473,0.001034473
bud=1.00e+06_lam=10_alfa=0.1_mu_al=1.00e-08_mu_bet=1.00e-03_python.mat,beta_od,VLC,MAD,1.000770952,0.000770952
bud=1.00e+06_lam=10_alfa=0.1_mu_al=1.00e-08_mu_bet=1.00e-03_python.mat,beta_od,BIO,LHR,1.000669960,0.000669960
bud=1.00e+06_lam=10_alfa=0.1_mu_al=1.00e-08_mu_bet=1.00e-03_python.mat,beta_od,MAD,LHR,0.999368640,-0.000631360
bud=1.00e+06_lam=10_alfa=0.1_mu_al=1.00e-08_mu_bet=1.00e-03_python.mat,beta_od,BIO,BCN,1.000628707,0.000628707
bud=1.00e+06_lam=10_alfa=0.1_mu_al=1.00e-08_mu_bet=1.00e-03_python.mat,beta_od,BCN,BIO,1.000627227,0.000627227
bud=1.00e+06_lam=10_alfa=0.1_mu_al=1.00e-08_mu_bet=1.00e-03_python.mat,beta_od,PMI,IBZ,1.000552876,0.000552876
bud=1.00e+06_lam=10_alfa=0.1_mu_al=1.00e-08_mu_bet=1.00e-03_python.mat,beta_od,IBZ,PMI,1.000539821,0.000539821
bud=1.00e+06_lam=10_alfa=0.1_mu_al=1.00e-08_mu_bet=1.00e-03_python.mat,beta_od,MAD,BIO,1.000539236,0.000539236
bud=1.00e+06_lam=10_alfa=0.1_mu_al=1.00e-08_mu_bet=1.00e-03_python.mat,beta_od,VLC,PMI,1.000495836,0.000495836
bud=1.00e+06_lam=10_alfa=0.1_mu_al=1.00e-08_mu_bet=1.00e-03_python.mat,beta_od,PMI,MAH,1.000484540,0.000484540
bud=1.00e+06_lam=10_alfa=0.1_mu_al=1.00e-08_mu_bet=1.00e-03_python.mat,beta_od,BIO,MAD,1.000478710,0.000478710
bud=1.00e+06_lam=10_alfa=0.1_mu_al=1.00e-08_mu_bet=1.00e-03_python.mat,beta_od,MAH,PMI,1.000471525,0.000471525
bud=1.00e+06_lam=10_alfa=0.1_mu_al=1.00e-08_mu_bet=1.00e-03_python.mat,beta_od,BCN,IBZ,1.000467783,0.000467783
bud=1.00e+06_lam=10_alfa=0.1_mu_al=1.00e-08_mu_bet=1.00e-03_python.mat,beta_od,IBZ,BCN,1.000466453,0.000466453
bud=1.00e+06_lam=10_alfa=0.1_mu_al=1.00e-08_mu_bet=1.00e-03_python.mat,beta_od,IBZ,VLC,1.000438891,0.000438891
bud=1.00e+06_lam=10_alfa=0.1_mu_al=1.00e-08_mu_bet=1.00e-03_python.mat,beta_od,MAD,BCN,1.000436125,0.000436125
bud=1.00e+06_lam=10_alfa=0.1_mu_al=1.00e-08_mu_bet=1.00e-03_python.mat,beta_od,BCN,MAH,1.000423539,0.000423539
bud=1.00e+06_lam=10_alfa=0.1_mu_al=1.00e-08_mu_bet=1.00e-03_python.mat,beta_od,VLC,IBZ,1.000419570,0.000419570
bud=1.00e+06_lam=10_alfa=0.1_mu_al=1.00e-08_mu_bet=1.00e-03_python.mat,beta_od,PMI,VLC,1.000373375,0.000373375
bud=1.00e+06_lam=10_alfa=0.1_mu_al=1.00e-08_mu_bet=1.00e-03_python.mat,beta_od,BCN,MAD,1.000371712,0.000371712
bud=1.00e+06_lam=10_alfa=0.1_mu_al=1.00e-08_mu_bet=1.00e-03_python.mat,beta_od,MAH,BCN,1.000360967,0.000360967
bud=1.00e+06_lam=10_alfa=0.1_mu_al=1.00e-08_mu_bet=1.00e-03_python.mat,beta_od,BCN,PMI,1.000358819,0.000358819
bud=1.00e+06_lam=10_alfa=0.1_mu_al=1.00e-08_mu_bet=1.00e-03_python.mat,beta_od,PMI,BCN,1.000356825,0.000356825
bud=1.00e+06_lam=10_alfa=0.1_mu_al=1.00e-08_mu_bet=1.00e-03_python.mat,beta_od,MAD,VLC,1.000292043,0.000292043
bud=1.00e+06_lam=10_alfa=0.1_mu_al=1.00e-08_mu_bet=1.00e-03_python.mat,beta_od,BCN,MXP,1.000256317,0.000256317
bud=1.00e+06_lam=10_alfa=0.1_mu_al=1.00e-08_mu_bet=1.00e-03_python.mat,beta_od,MXP,BCN,1.000215751,0.000215751
bud=1.00e+06_lam=10_alfa=0.1_mu_al=1.00e-08_mu_bet=1.00e-03_python.mat,beta_od,LHR,MAD,0.999921186,-0.000078814
bud=1.50e+05_lam=10_alfa=0.1_mu_al=1.00e-08_mu_bet=1.00e-03_python.mat,alfa_od,GRU,MAD,1.002348272,0.002348272
bud=1.50e+05_lam=10_alfa=0.1_mu_al=1.00e-08_mu_bet=1.00e-03_python.mat,alfa_od,MAD,BCN,1.000962170,0.000962170
bud=1.50e+05_lam=10_alfa=0.1_mu_al=1.00e-08_mu_bet=1.00e-03_python.mat,alfa_od,BCN,PMI,1.000866745,0.000866745
bud=1.50e+05_lam=10_alfa=0.1_mu_al=1.00e-08_mu_bet=1.00e-03_python.mat,alfa_od,PMI,BCN,1.000860877,0.000860877
bud=1.50e+05_lam=10_alfa=0.1_mu_al=1.00e-08_mu_bet=1.00e-03_python.mat,alfa_od,BCN,MAD,1.000824648,0.000824648
bud=1.50e+05_lam=10_alfa=0.1_mu_al=1.00e-08_mu_bet=1.00e-03_python.mat,alfa_od,BCN,MAH,1.000545583,0.000545583
bud=1.50e+05_lam=10_alfa=0.1_mu_al=1.00e-08_mu_bet=1.00e-03_python.mat,alfa_od,BCN,IBZ,1.000518665,0.000518665
bud=1.50e+05_lam=10_alfa=0.1_mu_al=1.00e-08_mu_bet=1.00e-03_python.mat,alfa_od,IBZ,BCN,1.000517674,0.000517674
bud=1.50e+05_lam=10_alfa=0.1_mu_al=1.00e-08_mu_bet=1.00e-03_python.mat,alfa_od,MAH,BCN,1.000497497,0.000497497
bud=1.50e+05_lam=10_alfa=0.1_mu_al=1.00e-08_mu_bet=1.00e-03_python.mat,alfa_od,BIO,BCN,1.000473654,0.000473654
bud=1.50e+05_lam=10_alfa=0.1_mu_al=1.00e-08_mu_bet=1.00e-03_python.mat,alfa_od,BCN,BIO,1.000469244,0.000469244
bud=1.50e+05_lam=10_alfa=0.1_mu_al=1.00e-08_mu_bet=1.00e-03_python.mat,alfa_od,BCN,MXP,1.000167655,0.000167655
bud=1.50e+05_lam=10_alfa=0.1_mu_al=1.00e-08_mu_bet=1.00e-03_python.mat,alfa_od,MXP,BCN,1.000139584,0.000139584
bud=1.50e+05_lam=10_alfa=0.1_mu_al=1.00e-08_mu_bet=1.00e-03_python.mat,alfa_od,IBZ,VLC,1.000018169,0.000018169
bud=1.50e+05_lam=10_alfa=0.1_mu_al=1.00e-08_mu_bet=1.00e-03_python.mat,alfa_od,VLC,IBZ,1.000017934,0.000017934
bud=1.50e+05_lam=10_alfa=0.1_mu_al=1.00e-08_mu_bet=1.00e-03_python.mat,beta_od,MAD,GRU,0.995521661,-0.004478339
bud=1.50e+05_lam=10_alfa=0.1_mu_al=1.00e-08_mu_bet=1.00e-03_python.mat,beta_od,SVQ,MAD,0.996902816,-0.003097184
bud=1.50e+05_lam=10_alfa=0.1_mu_al=1.00e-08_mu_bet=1.00e-03_python.mat,beta_od,GRU,MAD,1.002528127,0.002528127
bud=1.50e+05_lam=10_alfa=0.1_mu_al=1.00e-08_mu_bet=1.00e-03_python.mat,beta_od,BCN,MAH,1.000798986,0.000798986
bud=1.50e+05_lam=10_alfa=0.1_mu_al=1.00e-08_mu_bet=1.00e-03_python.mat,beta_od,BIO,LHR,0.999211328,-0.000788672
bud=1.50e+05_lam=10_alfa=0.1_mu_al=1.00e-08_mu_bet=1.00e-03_python.mat,beta_od,BIO,BCN,1.000778867,0.000778867
bud=1.50e+05_lam=10_alfa=0.1_mu_al=1.00e-08_mu_bet=1.00e-03_python.mat,beta_od,BCN,BIO,1.000771689,0.000771689
bud=1.50e+05_lam=10_alfa=0.1_mu_al=1.00e-08_mu_bet=1.00e-03_python.mat,beta_od,LHR,BIO,0.999233070,-0.000766930
bud=1.50e+05_lam=10_alfa=0.1_mu_al=1.00e-08_mu_bet=1.00e-03_python.mat,beta_od,MAH,BCN,1.000732827,0.000732827
bud=1.50e+05_lam=10_alfa=0.1_mu_al=1.00e-08_mu_bet=1.00e-03_python.mat,beta_od,BCN,IBZ,1.000710722,0.000710722
bud=1.50e+05_lam=10_alfa=0.1_mu_al=1.00e-08_mu_bet=1.00e-03_python.mat,beta_od,IBZ,BCN,1.000709437,0.000709437
bud=1.50e+05_lam=10_alfa=0.1_mu_al=1.00e-08_mu_bet=1.00e-03_python.mat,beta_od,BCN,PMI,1.000660042,0.000660042
bud=1.50e+05_lam=10_alfa=0.1_mu_al=1.00e-08_mu_bet=1.00e-03_python.mat,beta_od,PMI,BCN,1.000655703,0.000655703
bud=1.50e+05_lam=10_alfa=0.1_mu_al=1.00e-08_mu_bet=1.00e-03_python.mat,beta_od,BIO,MAD,0.999592388,-0.000407612
bud=1.50e+05_lam=10_alfa=0.1_mu_al=1.00e-08_mu_bet=1.00e-03_python.mat,beta_od,MAD,BIO,0.999662448,-0.000337552
bud=1.50e+05_lam=10_alfa=0.1_mu_al=1.00e-08_mu_bet=1.00e-03_python.mat,beta_od,MAD,BCN,1.000248455,0.000248455
bud=1.50e+05_lam=10_alfa=0.1_mu_al=1.00e-08_mu_bet=1.00e-03_python.mat,beta_od,BCN,MXP,1.000223576,0.000223576
bud=1.50e+05_lam=10_alfa=0.1_mu_al=1.00e-08_mu_bet=1.00e-03_python.mat,beta_od,BCN,MAD,1.000195821,0.000195821
bud=1.50e+05_lam=10_alfa=0.1_mu_al=1.00e-08_mu_bet=1.00e-03_python.mat,beta_od,MXP,BCN,1.000188613,0.000188613
bud=1.50e+05_lam=10_alfa=0.1_mu_al=1.00e-08_mu_bet=1.00e-03_python.mat,beta_od,MAD,VLC,0.999824395,-0.000175605
bud=1.50e+05_lam=10_alfa=0.1_mu_al=1.00e-08_mu_bet=1.00e-03_python.mat,beta_od,IBZ,VLC,1.000140711,0.000140711
bud=1.50e+05_lam=10_alfa=0.1_mu_al=1.00e-08_mu_bet=1.00e-03_python.mat,beta_od,MAH,PMI,0.999859444,-0.000140556
bud=1.50e+05_lam=10_alfa=0.1_mu_al=1.00e-08_mu_bet=1.00e-03_python.mat,beta_od,PMI,MAH,0.999860250,-0.000139750
bud=1.50e+05_lam=10_alfa=0.1_mu_al=1.00e-08_mu_bet=1.00e-03_python.mat,beta_od,VLC,IBZ,1.000139113,0.000139113
bud=1.50e+05_lam=10_alfa=0.1_mu_al=1.00e-08_mu_bet=1.00e-03_python.mat,beta_od,VLC,PMI,0.999922298,-0.000077702
bud=1.50e+05_lam=10_alfa=0.1_mu_al=1.00e-08_mu_bet=1.00e-03_python.mat,beta_od,VLC,MAD,0.999929570,-0.000070430
bud=1.50e+05_lam=10_alfa=0.1_mu_al=1.00e-08_mu_bet=1.00e-03_python.mat,beta_od,PMI,VLC,0.999993895,-0.000006105
bud=1.50e+05_lam=10_alfa=0.1_mu_al=1.00e-08_mu_bet=1.00e-03_python.mat,beta_od,IBZ,PMI,0.999997286,-0.000002714
bud=1.50e+05_lam=10_alfa=0.1_mu_al=1.00e-08_mu_bet=1.00e-03_python.mat,beta_od,PMI,IBZ,0.999997836,-0.000002164
bud=2.00e+05_lam=10_alfa=0.1_mu_al=1.00e-08_mu_bet=1.00e-03_python.mat,alfa_od,MAD,BCN,1.007379591,0.007379591
bud=2.00e+05_lam=10_alfa=0.1_mu_al=1.00e-08_mu_bet=1.00e-03_python.mat,alfa_od,BCN,MAD,1.007346047,0.007346047
bud=2.00e+05_lam=10_alfa=0.1_mu_al=1.00e-08_mu_bet=1.00e-03_python.mat,alfa_od,LHR,MAD,1.005528703,0.005528703
bud=2.00e+05_lam=10_alfa=0.1_mu_al=1.00e-08_mu_bet=1.00e-03_python.mat,alfa_od,MAD,BIO,1.004324759,0.004324759
bud=2.00e+05_lam=10_alfa=0.1_mu_al=1.00e-08_mu_bet=1.00e-03_python.mat,alfa_od,BIO,MAD,1.004237783,0.004237783
bud=2.00e+05_lam=10_alfa=0.1_mu_al=1.00e-08_mu_bet=1.00e-03_python.mat,alfa_od,MAD,LHR,1.004164149,0.004164149
bud=2.00e+05_lam=10_alfa=0.1_mu_al=1.00e-08_mu_bet=1.00e-03_python.mat,alfa_od,VLC,MAD,1.003588380,0.003588380
bud=2.00e+05_lam=10_alfa=0.1_mu_al=1.00e-08_mu_bet=1.00e-03_python.mat,alfa_od,JFK,MAD,1.003484504,0.003484504
bud=2.00e+05_lam=10_alfa=0.1_mu_al=1.00e-08_mu_bet=1.00e-03_python.mat,alfa_od,MAD,VLC,1.003151082,0.003151082
bud=2.00e+05_lam=10_alfa=0.1_mu_al=1.00e-08_mu_bet=1.00e-03_python.mat,alfa_od,MAD,JFK,1.002888648,0.002888648
bud=2.00e+05_lam=10_alfa=0.1_mu_al=1.00e-08_mu_bet=1.00e-03_python.mat,alfa_od,BCN,MAH,1.000981234,0.000981234
bud=2.00e+05_lam=10_alfa=0.1_mu_al=1.00e-08_mu_bet=1.00e-03_python.mat,alfa_od,MAH,BCN,1.000967056,0.000967056
bud=2.00e+05_lam=10_alfa=0.1_mu_al=1.00e-08_mu_bet=1.00e-03_python.mat,alfa_od,BIO,BCN,1.000941763,0.000941763
bud=2.00e+05_lam=10_alfa=0.1_mu_al=1.00e-08_mu_bet=1.00e-03_python.mat,alfa_od,BCN,BIO,1.000941524,0.000941524
bud=2.00e+05_lam=10_alfa=0.1_mu_al=1.00e-08_mu_bet=1.00e-03_python.mat,alfa_od,BCN,IBZ,1.000936758,0.000936758
bud=2.00e+05_lam=10_alfa=0.1_mu_al=1.00e-08_mu_bet=1.00e-03_python.mat,alfa_od,IBZ,BCN,1.000936522,0.000936522
bud=2.00e+05_lam=10_alfa=0.1_mu_al=1.00e-08_mu_bet=1.00e-03_python.mat,alfa_od,BCN,MXP,1.000902125,0.000902125
bud=2.00e+05_lam=10_alfa=0.1_mu_al=1.00e-08_mu_bet=1.00e-03_python.mat,alfa_od,MXP,BCN,1.000881610,0.000881610
bud=2.00e+05_lam=10_alfa=0.1_mu_al=1.00e-08_mu_bet=1.00e-03_python.mat,alfa_od,BCN,PMI,1.000719061,0.000719061
bud=2.00e+05_lam=10_alfa=0.1_mu_al=1.00e-08_mu_bet=1.00e-03_python.mat,alfa_od,PMI,BCN,1.000718599,0.000718599
bud=2.00e+05_lam=10_alfa=0.1_mu_al=1.00e-08_mu_bet=1.00e-03_python.mat,alfa_od,VLC,PMI,1.000007354,0.000007354
bud=2.00e+05_lam=10_alfa=0.1_mu_al=1.00e-08_mu_bet=1.00e-03_python.mat,alfa_od,PMI,VLC,1.000006002,0.000006002
bud=2.00e+05_lam=10_alfa=0.1_mu_al=1.00e-08_mu_bet=1.00e-03_python.mat,alfa_od,PMI,IBZ,1.000004892,0.000004892
bud=2.00e+05_lam=10_alfa=0.1_mu_al=1.00e-08_mu_bet=1.00e-03_python.mat,alfa_od,IBZ,PMI,1.000004802,0.000004802
bud=2.00e+05_lam=10_alfa=0.1_mu_al=1.00e-08_mu_bet=1.00e-03_python.mat,alfa_od,PMI,MAH,1.000004085,0.000004085
bud=2.00e+05_lam=10_alfa=0.1_mu_al=1.00e-08_mu_bet=1.00e-03_python.mat,alfa_od,MAH,PMI,1.000004010,0.000004010
bud=2.00e+05_lam=10_alfa=0.1_mu_al=1.00e-08_mu_bet=1.00e-03_python.mat,alfa_od,IBZ,VLC,1.000001290,0.000001290
bud=2.00e+05_lam=10_alfa=0.1_mu_al=1.00e-08_mu_bet=1.00e-03_python.mat,alfa_od,VLC,IBZ,1.000001228,0.000001228
bud=2.00e+05_lam=10_alfa=0.1_mu_al=1.00e-08_mu_bet=1.00e-03_python.mat,alfa_od,MAD,GRU,1.000000204,0.000000204
bud=2.00e+05_lam=10_alfa=0.1_mu_al=1.00e-08_mu_bet=1.00e-03_python.mat,beta_od,EZE,MAD,0.903950159,-0.096049841
bud=2.00e+05_lam=10_alfa=0.1_mu_al=1.00e-08_mu_bet=1.00e-03_python.mat,beta_od,MEX,MAD,0.927649002,-0.072350998
bud=2.00e+05_lam=10_alfa=0.1_mu_al=1.00e-08_mu_bet=1.00e-03_python.mat,beta_od,VLC,MAD,1.006723991,0.006723991
bud=2.00e+05_lam=10_alfa=0.1_mu_al=1.00e-08_mu_bet=1.00e-03_python.mat,beta_od,MAD,BIO,1.006454216,0.006454216
bud=2.00e+05_lam=10_alfa=0.1_mu_al=1.00e-08_mu_bet=1.00e-03_python.mat,beta_od,BIO,MAD,1.006307582,0.006307582
bud=2.00e+05_lam=10_alfa=0.1_mu_al=1.00e-08_mu_bet=1.00e-03_python.mat,beta_od,SVQ,MAD,0.994192433,-0.005807567
bud=2.00e+05_lam=10_alfa=0.1_mu_al=1.00e-08_mu_bet=1.00e-03_python.mat,beta_od,GRU,MAD,0.994289382,-0.005710618
bud=2.00e+05_lam=10_alfa=0.1_mu_al=1.00e-08_mu_bet=1.00e-03_python.mat,beta_od,MAD,VLC,1.005626796,0.005626796
bud=2.00e+05_lam=10_alfa=0.1_mu_al=1.00e-08_mu_bet=1.00e-03_python.mat,beta_od,LHR,MAD,1.003557130,0.003557130
bud=2.00e+05_lam=10_alfa=0.1_mu_al=1.00e-08_mu_bet=1.00e-03_python.mat,beta_od,MAD,BCN,1.002796227,0.002796227
bud=2.00e+05_lam=10_alfa=0.1_mu_al=1.00e-08_mu_bet=1.00e-03_python.mat,beta_od,BCN,MAD,1.002757458,0.002757458
bud=2.00e+05_lam=10_alfa=0.1_mu_al=1.00e-08_mu_bet=1.00e-03_python.mat,beta_od,MAD,LHR,1.002595349,0.002595349
bud=2.00e+05_lam=10_alfa=0.1_mu_al=1.00e-08_mu_bet=1.00e-03_python.mat,beta_od,BIO,BCN,1.001548970,0.001548970
bud=2.00e+05_lam=10_alfa=0.1_mu_al=1.00e-08_mu_bet=1.00e-03_python.mat,beta_od,BCN,BIO,1.001548729,0.001548729
bud=2.00e+05_lam=10_alfa=0.1_mu_al=1.00e-08_mu_bet=1.00e-03_python.mat,beta_od,JFK,MAD,1.001528974,0.001528974
bud=2.00e+05_lam=10_alfa=0.1_mu_al=1.00e-08_mu_bet=1.00e-03_python.mat,beta_od,BCN,MAH,1.001437275,0.001437275
bud=2.00e+05_lam=10_alfa=0.1_mu_al=1.00e-08_mu_bet=1.00e-03_python.mat,beta_od,MAH,BCN,1.001424814,0.001424814
bud=2.00e+05_lam=10_alfa=0.1_mu_al=1.00e-08_mu_bet=1.00e-03_python.mat,beta_od,BCN,IBZ,1.001283892,0.001283892
bud=2.00e+05_lam=10_alfa=0.1_mu_al=1.00e-08_mu_bet=1.00e-03_python.mat,beta_od,IBZ,BCN,1.001283700,0.001283700
bud=2.00e+05_lam=10_alfa=0.1_mu_al=1.00e-08_mu_bet=1.00e-03_python.mat,beta_od,MAD,JFK,1.001282132,0.001282132
bud=2.00e+05_lam=10_alfa=0.1_mu_al=1.00e-08_mu_bet=1.00e-03_python.mat,beta_od,BCN,MXP,1.001197274,0.001197274
bud=2.00e+05_lam=10_alfa=0.1_mu_al=1.00e-08_mu_bet=1.00e-03_python.mat,beta_od,MXP,BCN,1.001184987,0.001184987
bud=2.00e+05_lam=10_alfa=0.1_mu_al=1.00e-08_mu_bet=1.00e-03_python.mat,beta_od,BIO,LHR,0.999399150,-0.000600850
bud=2.00e+05_lam=10_alfa=0.1_mu_al=1.00e-08_mu_bet=1.00e-03_python.mat,beta_od,LHR,BIO,0.999413271,-0.000586729
bud=2.00e+05_lam=10_alfa=0.1_mu_al=1.00e-08_mu_bet=1.00e-03_python.mat,beta_od,BCN,PMI,1.000547421,0.000547421
bud=2.00e+05_lam=10_alfa=0.1_mu_al=1.00e-08_mu_bet=1.00e-03_python.mat,beta_od,PMI,BCN,1.000547178,0.000547178
bud=2.00e+05_lam=10_alfa=0.1_mu_al=1.00e-08_mu_bet=1.00e-03_python.mat,beta_od,PMI,IBZ,1.000018821,0.000018821
bud=2.00e+05_lam=10_alfa=0.1_mu_al=1.00e-08_mu_bet=1.00e-03_python.mat,beta_od,PMI,MAH,1.000018792,0.000018792
bud=2.00e+05_lam=10_alfa=0.1_mu_al=1.00e-08_mu_bet=1.00e-03_python.mat,beta_od,IBZ,PMI,1.000018495,0.000018495
bud=2.00e+05_lam=10_alfa=0.1_mu_al=1.00e-08_mu_bet=1.00e-03_python.mat,beta_od,MAH,PMI,1.000018466,0.000018466
bud=2.00e+05_lam=10_alfa=0.1_mu_al=1.00e-08_mu_bet=1.00e-03_python.mat,beta_od,VLC,PMI,1.000017284,0.000017284
bud=2.00e+05_lam=10_alfa=0.1_mu_al=1.00e-08_mu_bet=1.00e-03_python.mat,beta_od,PMI,VLC,1.000014281,0.000014281
bud=2.00e+05_lam=10_alfa=0.1_mu_al=1.00e-08_mu_bet=1.00e-03_python.mat,beta_od,IBZ,VLC,1.000009987,0.000009987
bud=2.00e+05_lam=10_alfa=0.1_mu_al=1.00e-08_mu_bet=1.00e-03_python.mat,beta_od,VLC,IBZ,1.000009522,0.000009522
bud=2.00e+05_lam=10_alfa=0.1_mu_al=1.00e-08_mu_bet=1.00e-03_python.mat,beta_od,MAD,GRU,1.000000085,0.000000085
bud=3.00e+05_lam=10_alfa=0.1_mu_al=1.00e-08_mu_bet=1.00e-03_python.mat,alfa_od,JFK,MAD,1.002148257,0.002148257
bud=3.00e+05_lam=10_alfa=0.1_mu_al=1.00e-08_mu_bet=1.00e-03_python.mat,alfa_od,MAD,JFK,1.001572903,0.001572903
bud=3.00e+05_lam=10_alfa=0.1_mu_al=1.00e-08_mu_bet=1.00e-03_python.mat,alfa_od,LHR,MAD,1.001410905,0.001410905
bud=3.00e+05_lam=10_alfa=0.1_mu_al=1.00e-08_mu_bet=1.00e-03_python.mat,alfa_od,BCN,PMI,1.001363738,0.001363738
bud=3.00e+05_lam=10_alfa=0.1_mu_al=1.00e-08_mu_bet=1.00e-03_python.mat,alfa_od,PMI,BCN,1.001360803,0.001360803
bud=3.00e+05_lam=10_alfa=0.1_mu_al=1.00e-08_mu_bet=1.00e-03_python.mat,alfa_od,VLC,MAD,1.000588220,0.000588220
bud=3.00e+05_lam=10_alfa=0.1_mu_al=1.00e-08_mu_bet=1.00e-03_python.mat,alfa_od,BCN,IBZ,1.000530444,0.000530444
bud=3.00e+05_lam=10_alfa=0.1_mu_al=1.00e-08_mu_bet=1.00e-03_python.mat,alfa_od,IBZ,BCN,1.000529360,0.000529360
bud=3.00e+05_lam=10_alfa=0.1_mu_al=1.00e-08_mu_bet=1.00e-03_python.mat,alfa_od,MAD,BCN,1.000495796,0.000495796
bud=3.00e+05_lam=10_alfa=0.1_mu_al=1.00e-08_mu_bet=1.00e-03_python.mat,alfa_od,MAD,BIO,1.000492886,0.000492886
bud=3.00e+05_lam=10_alfa=0.1_mu_al=1.00e-08_mu_bet=1.00e-03_python.mat,alfa_od,BIO,BCN,1.000487552,0.000487552
bud=3.00e+05_lam=10_alfa=0.1_mu_al=1.00e-08_mu_bet=1.00e-03_python.mat,alfa_od,BCN,BIO,1.000486698,0.000486698
bud=3.00e+05_lam=10_alfa=0.1_mu_al=1.00e-08_mu_bet=1.00e-03_python.mat,alfa_od,BCN,MAH,1.000454664,0.000454664
bud=3.00e+05_lam=10_alfa=0.1_mu_al=1.00e-08_mu_bet=1.00e-03_python.mat,alfa_od,BIO,MAD,1.000449182,0.000449182
bud=3.00e+05_lam=10_alfa=0.1_mu_al=1.00e-08_mu_bet=1.00e-03_python.mat,alfa_od,BCN,MAD,1.000429951,0.000429951
bud=3.00e+05_lam=10_alfa=0.1_mu_al=1.00e-08_mu_bet=1.00e-03_python.mat,alfa_od,MAH,BCN,1.000400794,0.000400794
bud=3.00e+05_lam=10_alfa=0.1_mu_al=1.00e-08_mu_bet=1.00e-03_python.mat,alfa_od,VLC,PMI,1.000289458,0.000289458
bud=3.00e+05_lam=10_alfa=0.1_mu_al=1.00e-08_mu_bet=1.00e-03_python.mat,alfa_od,MAD,LHR,1.000273284,0.000273284
bud=3.00e+05_lam=10_alfa=0.1_mu_al=1.00e-08_mu_bet=1.00e-03_python.mat,alfa_od,MAD,VLC,1.000266665,0.000266665
bud=3.00e+05_lam=10_alfa=0.1_mu_al=1.00e-08_mu_bet=1.00e-03_python.mat,alfa_od,PMI,VLC,1.000262605,0.000262605
bud=3.00e+05_lam=10_alfa=0.1_mu_al=1.00e-08_mu_bet=1.00e-03_python.mat,alfa_od,PMI,IBZ,1.000220953,0.000220953
bud=3.00e+05_lam=10_alfa=0.1_mu_al=1.00e-08_mu_bet=1.00e-03_python.mat,alfa_od,IBZ,PMI,1.000218285,0.000218285
bud=3.00e+05_lam=10_alfa=0.1_mu_al=1.00e-08_mu_bet=1.00e-03_python.mat,alfa_od,PMI,MAH,1.000176816,0.000176816
bud=3.00e+05_lam=10_alfa=0.1_mu_al=1.00e-08_mu_bet=1.00e-03_python.mat,alfa_od,MAH,PMI,1.000174074,0.000174074
bud=3.00e+05_lam=10_alfa=0.1_mu_al=1.00e-08_mu_bet=1.00e-03_python.mat,alfa_od,BCN,MXP,1.000127817,0.000127817
bud=3.00e+05_lam=10_alfa=0.1_mu_al=1.00e-08_mu_bet=1.00e-03_python.mat,alfa_od,MXP,BCN,1.000108357,0.000108357
bud=3.00e+05_lam=10_alfa=0.1_mu_al=1.00e-08_mu_bet=1.00e-03_python.mat,alfa_od,MAD,GRU,1.000000248,0.000000248
bud=3.00e+05_lam=10_alfa=0.1_mu_al=1.00e-08_mu_bet=1.00e-03_python.mat,beta_od,EZE,MAD,0.905086958,-0.094913042
bud=3.00e+05_lam=10_alfa=0.1_mu_al=1.00e-08_mu_bet=1.00e-03_python.mat,beta_od,SVQ,MAD,0.913718352,-0.086281648
bud=3.00e+05_lam=10_alfa=0.1_mu_al=1.00e-08_mu_bet=1.00e-03_python.mat,beta_od,MEX,MAD,0.929564344,-0.070435656
bud=3.00e+05_lam=10_alfa=0.1_mu_al=1.00e-08_mu_bet=1.00e-03_python.mat,beta_od,GRU,MAD,0.991121079,-0.008878921
bud=3.00e+05_lam=10_alfa=0.1_mu_al=1.00e-08_mu_bet=1.00e-03_python.mat,beta_od,BIO,LHR,0.998150898,-0.001849102
bud=3.00e+05_lam=10_alfa=0.1_mu_al=1.00e-08_mu_bet=1.00e-03_python.mat,beta_od,LHR,BIO,0.998172061,-0.001827939
bud=3.00e+05_lam=10_alfa=0.1_mu_al=1.00e-08_mu_bet=1.00e-03_python.mat,beta_od,VLC,MAD,1.001100615,0.001100615
bud=3.00e+05_lam=10_alfa=0.1_mu_al=1.00e-08_mu_bet=1.00e-03_python.mat,beta_od,BCN,PMI,1.001038768,0.001038768
bud=3.00e+05_lam=10_alfa=0.1_mu_al=1.00e-08_mu_bet=1.00e-03_python.mat,beta_od,PMI,BCN,1.001036738,0.001036738
bud=3.00e+05_lam=10_alfa=0.1_mu_al=1.00e-08_mu_bet=1.00e-03_python.mat,beta_od,JFK,MAD,1.000942027,0.000942027
bud=3.00e+05_lam=10_alfa=0.1_mu_al=1.00e-08_mu_bet=1.00e-03_python.mat,beta_od,LHR,MAD,1.000905950,0.000905950
bud=3.00e+05_lam=10_alfa=0.1_mu_al=1.00e-08_mu_bet=1.00e-03_python.mat,beta_od,PMI,IBZ,1.000850223,0.000850223
bud=3.00e+05_lam=10_alfa=0.1_mu_al=1.00e-08_mu_bet=1.00e-03_python.mat,beta_od,IBZ,PMI,1.000840796,0.000840796
bud=3.00e+05_lam=10_alfa=0.1_mu_al=1.00e-08_mu_bet=1.00e-03_python.mat,beta_od,PMI,MAH,1.000813404,0.000813404
bud=3.00e+05_lam=10_alfa=0.1_mu_al=1.00e-08_mu_bet=1.00e-03_python.mat,beta_od,BIO,BCN,1.000801726,0.000801726
bud=3.00e+05_lam=10_alfa=0.1_mu_al=1.00e-08_mu_bet=1.00e-03_python.mat,beta_od,MAH,PMI,1.000801588,0.000801588
bud=3.00e+05_lam=10_alfa=0.1_mu_al=1.00e-08_mu_bet=1.00e-03_python.mat,beta_od,BCN,BIO,1.000800401,0.000800401
bud=3.00e+05_lam=10_alfa=0.1_mu_al=1.00e-08_mu_bet=1.00e-03_python.mat,beta_od,MAD,BIO,1.000734210,0.000734210
bud=3.00e+05_lam=10_alfa=0.1_mu_al=1.00e-08_mu_bet=1.00e-03_python.mat,beta_od,BCN,IBZ,1.000726869,0.000726869
bud=3.00e+05_lam=10_alfa=0.1_mu_al=1.00e-08_mu_bet=1.00e-03_python.mat,beta_od,IBZ,BCN,1.000725458,0.000725458
bud=3.00e+05_lam=10_alfa=0.1_mu_al=1.00e-08_mu_bet=1.00e-03_python.mat,beta_od,MAD,JFK,1.000697689,0.000697689
bud=3.00e+05_lam=10_alfa=0.1_mu_al=1.00e-08_mu_bet=1.00e-03_python.mat,beta_od,VLC,PMI,1.000680402,0.000680402
bud=3.00e+05_lam=10_alfa=0.1_mu_al=1.00e-08_mu_bet=1.00e-03_python.mat,beta_od,BIO,MAD,1.000667342,0.000667342
bud=3.00e+05_lam=10_alfa=0.1_mu_al=1.00e-08_mu_bet=1.00e-03_python.mat,beta_od,BCN,MAH,1.000665816,0.000665816
bud=3.00e+05_lam=10_alfa=0.1_mu_al=1.00e-08_mu_bet=1.00e-03_python.mat,beta_od,PMI,VLC,1.000624896,0.000624896
bud=3.00e+05_lam=10_alfa=0.1_mu_al=1.00e-08_mu_bet=1.00e-03_python.mat,beta_od,MAH,BCN,1.000590360,0.000590360
bud=3.00e+05_lam=10_alfa=0.1_mu_al=1.00e-08_mu_bet=1.00e-03_python.mat,beta_od,MAD,VLC,1.000475510,0.000475510
bud=3.00e+05_lam=10_alfa=0.1_mu_al=1.00e-08_mu_bet=1.00e-03_python.mat,beta_od,BCN,MXP,1.000170447,0.000170447
bud=3.00e+05_lam=10_alfa=0.1_mu_al=1.00e-08_mu_bet=1.00e-03_python.mat,beta_od,MAD,LHR,1.000170005,0.000170005
bud=3.00e+05_lam=10_alfa=0.1_mu_al=1.00e-08_mu_bet=1.00e-03_python.mat,beta_od,VLC,IBZ,0.999847160,-0.000152840
bud=3.00e+05_lam=10_alfa=0.1_mu_al=1.00e-08_mu_bet=1.00e-03_python.mat,beta_od,IBZ,VLC,0.999847656,-0.000152344
bud=3.00e+05_lam=10_alfa=0.1_mu_al=1.00e-08_mu_bet=1.00e-03_python.mat,beta_od,MXP,BCN,1.000146415,0.000146415
bud=3.00e+05_lam=10_alfa=0.1_mu_al=1.00e-08_mu_bet=1.00e-03_python.mat,beta_od,MAD,BCN,1.000141566,0.000141566
bud=3.00e+05_lam=10_alfa=0.1_mu_al=1.00e-08_mu_bet=1.00e-03_python.mat,beta_od,BCN,MAD,1.000116806,0.000116806
bud=3.00e+05_lam=10_alfa=0.1_mu_al=1.00e-08_mu_bet=1.00e-03_python.mat,beta_od,MAD,GRU,0.999999237,-0.000000763
bud=5.00e+05_lam=10_alfa=0.1_mu_al=1.00e-08_mu_bet=1.00e-03_python.mat,alfa_od,JFK,MAD,1.002040020,0.002040020
bud=5.00e+05_lam=10_alfa=0.1_mu_al=1.00e-08_mu_bet=1.00e-03_python.mat,alfa_od,MAD,JFK,1.001467158,0.001467158
bud=5.00e+05_lam=10_alfa=0.1_mu_al=1.00e-08_mu_bet=1.00e-03_python.mat,alfa_od,MAD,BCN,1.001129277,0.001129277
bud=5.00e+05_lam=10_alfa=0.1_mu_al=1.00e-08_mu_bet=1.00e-03_python.mat,alfa_od,LHR,MAD,1.001092752,0.001092752
bud=5.00e+05_lam=10_alfa=0.1_mu_al=1.00e-08_mu_bet=1.00e-03_python.mat,alfa_od,BCN,MAD,1.000971741,0.000971741
bud=5.00e+05_lam=10_alfa=0.1_mu_al=1.00e-08_mu_bet=1.00e-03_python.mat,alfa_od,BCN,PMI,1.000575786,0.000575786
bud=5.00e+05_lam=10_alfa=0.1_mu_al=1.00e-08_mu_bet=1.00e-03_python.mat,alfa_od,PMI,BCN,1.000572879,0.000572879
bud=5.00e+05_lam=10_alfa=0.1_mu_al=1.00e-08_mu_bet=1.00e-03_python.mat,alfa_od,BIO,BCN,1.000407259,0.000407259
bud=5.00e+05_lam=10_alfa=0.1_mu_al=1.00e-08_mu_bet=1.00e-03_python.mat,alfa_od,BCN,BIO,1.000406248,0.000406248
bud=5.00e+05_lam=10_alfa=0.1_mu_al=1.00e-08_mu_bet=1.00e-03_python.mat,alfa_od,VLC,MAD,1.000390483,0.000390483
bud=5.00e+05_lam=10_alfa=0.1_mu_al=1.00e-08_mu_bet=1.00e-03_python.mat,alfa_od,BCN,IBZ,1.000377671,0.000377671
bud=5.00e+05_lam=10_alfa=0.1_mu_al=1.00e-08_mu_bet=1.00e-03_python.mat,alfa_od,IBZ,BCN,1.000376837,0.000376837
bud=5.00e+05_lam=10_alfa=0.1_mu_al=1.00e-08_mu_bet=1.00e-03_python.mat,alfa_od,BCN,MAH,1.000372213,0.000372213
bud=5.00e+05_lam=10_alfa=0.1_mu_al=1.00e-08_mu_bet=1.00e-03_python.mat,alfa_od,MAD,BIO,1.000341382,0.000341382
bud=5.00e+05_lam=10_alfa=0.1_mu_al=1.00e-08_mu_bet=1.00e-03_python.mat,alfa_od,MAH,BCN,1.000327643,0.000327643
bud=5.00e+05_lam=10_alfa=0.1_mu_al=1.00e-08_mu_bet=1.00e-03_python.mat,alfa_od,BIO,MAD,1.000304167,0.000304167
bud=5.00e+05_lam=10_alfa=0.1_mu_al=1.00e-08_mu_bet=1.00e-03_python.mat,alfa_od,VLC,PMI,1.000211766,0.000211766
bud=5.00e+05_lam=10_alfa=0.1_mu_al=1.00e-08_mu_bet=1.00e-03_python.mat,alfa_od,LHR,BIO,1.000200372,0.000200372
bud=5.00e+05_lam=10_alfa=0.1_mu_al=1.00e-08_mu_bet=1.00e-03_python.mat,alfa_od,BCN,MXP,1.000170221,0.000170221
bud=5.00e+05_lam=10_alfa=0.1_mu_al=1.00e-08_mu_bet=1.00e-03_python.mat,alfa_od,MAD,LHR,1.000165269,0.000165269
bud=5.00e+05_lam=10_alfa=0.1_mu_al=1.00e-08_mu_bet=1.00e-03_python.mat,alfa_od,PMI,VLC,1.000157601,0.000157601
bud=5.00e+05_lam=10_alfa=0.1_mu_al=1.00e-08_mu_bet=1.00e-03_python.mat,alfa_od,MXP,BCN,1.000140938,0.000140938
bud=5.00e+05_lam=10_alfa=0.1_mu_al=1.00e-08_mu_bet=1.00e-03_python.mat,alfa_od,MAD,VLC,1.000139652,0.000139652
bud=5.00e+05_lam=10_alfa=0.1_mu_al=1.00e-08_mu_bet=1.00e-03_python.mat,alfa_od,PMI,IBZ,1.000124727,0.000124727
bud=5.00e+05_lam=10_alfa=0.1_mu_al=1.00e-08_mu_bet=1.00e-03_python.mat,alfa_od,IBZ,PMI,1.000121177,0.000121177
bud=5.00e+05_lam=10_alfa=0.1_mu_al=1.00e-08_mu_bet=1.00e-03_python.mat,alfa_od,BIO,LHR,1.000120407,0.000120407
bud=5.00e+05_lam=10_alfa=0.1_mu_al=1.00e-08_mu_bet=1.00e-03_python.mat,alfa_od,PMI,MAH,1.000097517,0.000097517
bud=5.00e+05_lam=10_alfa=0.1_mu_al=1.00e-08_mu_bet=1.00e-03_python.mat,alfa_od,MAH,PMI,1.000094562,0.000094562
bud=5.00e+05_lam=10_alfa=0.1_mu_al=1.00e-08_mu_bet=1.00e-03_python.mat,alfa_od,IBZ,VLC,1.000059568,0.000059568
bud=5.00e+05_lam=10_alfa=0.1_mu_al=1.00e-08_mu_bet=1.00e-03_python.mat,alfa_od,VLC,IBZ,1.000056926,0.000056926
bud=5.00e+05_lam=10_alfa=0.1_mu_al=1.00e-08_mu_bet=1.00e-03_python.mat,alfa_od,MAD,GRU,1.000000022,0.000000022
bud=5.00e+05_lam=10_alfa=0.1_mu_al=1.00e-08_mu_bet=1.00e-03_python.mat,beta_od,EZE,MAD,0.905559308,-0.094440692
bud=5.00e+05_lam=10_alfa=0.1_mu_al=1.00e-08_mu_bet=1.00e-03_python.mat,beta_od,SVQ,MAD,0.921231072,-0.078768928
bud=5.00e+05_lam=10_alfa=0.1_mu_al=1.00e-08_mu_bet=1.00e-03_python.mat,beta_od,MEX,MAD,0.930095829,-0.069904171
bud=5.00e+05_lam=10_alfa=0.1_mu_al=1.00e-08_mu_bet=1.00e-03_python.mat,beta_od,GRU,MAD,0.990947983,-0.009052017
bud=5.00e+05_lam=10_alfa=0.1_mu_al=1.00e-08_mu_bet=1.00e-03_python.mat,beta_od,LHR,BIO,1.000998403,0.000998403
bud=5.00e+05_lam=10_alfa=0.1_mu_al=1.00e-08_mu_bet=1.00e-03_python.mat,beta_od,JFK,MAD,1.000894517,0.000894517
bud=5.00e+05_lam=10_alfa=0.1_mu_al=1.00e-08_mu_bet=1.00e-03_python.mat,beta_od,VLC,MAD,1.000730561,0.000730561
bud=5.00e+05_lam=10_alfa=0.1_mu_al=1.00e-08_mu_bet=1.00e-03_python.mat,beta_od,LHR,MAD,1.000701555,0.000701555
bud=5.00e+05_lam=10_alfa=0.1_mu_al=1.00e-08_mu_bet=1.00e-03_python.mat,beta_od,BIO,BCN,1.000669667,0.000669667
bud=5.00e+05_lam=10_alfa=0.1_mu_al=1.00e-08_mu_bet=1.00e-03_python.mat,beta_od,BCN,BIO,1.000668070,0.000668070
bud=5.00e+05_lam=10_alfa=0.1_mu_al=1.00e-08_mu_bet=1.00e-03_python.mat,beta_od,MAD,JFK,1.000650751,0.000650751
bud=5.00e+05_lam=10_alfa=0.1_mu_al=1.00e-08_mu_bet=1.00e-03_python.mat,beta_od,BIO,LHR,1.000608658,0.000608658
bud=5.00e+05_lam=10_alfa=0.1_mu_al=1.00e-08_mu_bet=1.00e-03_python.mat,beta_od,BCN,MAH,1.000545050,0.000545050
bud=5.00e+05_lam=10_alfa=0.1_mu_al=1.00e-08_mu_bet=1.00e-03_python.mat,beta_od,BCN,IBZ,1.000517485,0.000517485
bud=5.00e+05_lam=10_alfa=0.1_mu_al=1.00e-08_mu_bet=1.00e-03_python.mat,beta_od,IBZ,BCN,1.000516395,0.000516395
bud=5.00e+05_lam=10_alfa=0.1_mu_al=1.00e-08_mu_bet=1.00e-03_python.mat,beta_od,MAD,BIO,1.000508491,0.000508491
bud=5.00e+05_lam=10_alfa=0.1_mu_al=1.00e-08_mu_bet=1.00e-03_python.mat,beta_od,VLC,PMI,1.000497763,0.000497763
bud=5.00e+05_lam=10_alfa=0.1_mu_al=1.00e-08_mu_bet=1.00e-03_python.mat,beta_od,MAH,BCN,1.000482590,0.000482590
bud=5.00e+05_lam=10_alfa=0.1_mu_al=1.00e-08_mu_bet=1.00e-03_python.mat,beta_od,PMI,IBZ,1.000479927,0.000479927
bud=5.00e+05_lam=10_alfa=0.1_mu_al=1.00e-08_mu_bet=1.00e-03_python.mat,beta_od,IBZ,PMI,1.000466734,0.000466734
bud=5.00e+05_lam=10_alfa=0.1_mu_al=1.00e-08_mu_bet=1.00e-03_python.mat,beta_od,IBZ,VLC,1.000461346,0.000461346
bud=5.00e+05_lam=10_alfa=0.1_mu_al=1.00e-08_mu_bet=1.00e-03_python.mat,beta_od,BIO,MAD,1.000451864,0.000451864
bud=5.00e+05_lam=10_alfa=0.1_mu_al=1.00e-08_mu_bet=1.00e-03_python.mat,beta_od,PMI,MAH,1.000448591,0.000448591
bud=5.00e+05_lam=10_alfa=0.1_mu_al=1.00e-08_mu_bet=1.00e-03_python.mat,beta_od,VLC,IBZ,1.000441590,0.000441590
bud=5.00e+05_lam=10_alfa=0.1_mu_al=1.00e-08_mu_bet=1.00e-03_python.mat,beta_od,BCN,PMI,1.000438416,0.000438416
bud=5.00e+05_lam=10_alfa=0.1_mu_al=1.00e-08_mu_bet=1.00e-03_python.mat,beta_od,PMI,BCN,1.000436289,0.000436289
bud=5.00e+05_lam=10_alfa=0.1_mu_al=1.00e-08_mu_bet=1.00e-03_python.mat,beta_od,MAH,PMI,1.000435430,0.000435430
bud=5.00e+05_lam=10_alfa=0.1_mu_al=1.00e-08_mu_bet=1.00e-03_python.mat,beta_od,MAD,BCN,1.000426645,0.000426645
bud=5.00e+05_lam=10_alfa=0.1_mu_al=1.00e-08_mu_bet=1.00e-03_python.mat,beta_od,MXP,BCN,0.999616628,-0.000383372
bud=5.00e+05_lam=10_alfa=0.1_mu_al=1.00e-08_mu_bet=1.00e-03_python.mat,beta_od,PMI,VLC,1.000375011,0.000375011
bud=5.00e+05_lam=10_alfa=0.1_mu_al=1.00e-08_mu_bet=1.00e-03_python.mat,beta_od,BCN,MAD,1.000363668,0.000363668
bud=5.00e+05_lam=10_alfa=0.1_mu_al=1.00e-08_mu_bet=1.00e-03_python.mat,beta_od,MAD,VLC,1.000249009,0.000249009
bud=5.00e+05_lam=10_alfa=0.1_mu_al=1.00e-08_mu_bet=1.00e-03_python.mat,beta_od,MAD,LHR,1.000102806,0.000102806
bud=5.00e+05_lam=10_alfa=0.1_mu_al=1.00e-08_mu_bet=1.00e-03_python.mat,beta_od,BCN,MXP,1.000067920,0.000067920
bud=5.00e+05_lam=10_alfa=0.1_mu_al=1.00e-08_mu_bet=1.00e-03_python.mat,beta_od,MAD,GRU,0.999998554,-0.000001446
bud=5.00e+06_lam=10_alfa=0.1_mu_al=1.00e-08_mu_bet=1.00e-03_python.mat,alfa_od,JFK,MAD,1.002025126,0.002025126
bud=5.00e+06_lam=10_alfa=0.1_mu_al=1.00e-08_mu_bet=1.00e-03_python.mat,alfa_od,MAD,JFK,1.001456179,0.001456179
bud=5.00e+06_lam=10_alfa=0.1_mu_al=1.00e-08_mu_bet=1.00e-03_python.mat,alfa_od,MAD,BCN,1.001131732,0.001131732
bud=5.00e+06_lam=10_alfa=0.1_mu_al=1.00e-08_mu_bet=1.00e-03_python.mat,alfa_od,LHR,MAD,1.001068782,0.001068782
bud=5.00e+06_lam=10_alfa=0.1_mu_al=1.00e-08_mu_bet=1.00e-03_python.mat,alfa_od,BCN,MAD,1.000968922,0.000968922
bud=5.00e+06_lam=10_alfa=0.1_mu_al=1.00e-08_mu_bet=1.00e-03_python.mat,alfa_od,BCN,PMI,1.000450288,0.000450288
bud=5.00e+06_lam=10_alfa=0.1_mu_al=1.00e-08_mu_bet=1.00e-03_python.mat,alfa_od,PMI,BCN,1.000447645,0.000447645
bud=5.00e+06_lam=10_alfa=0.1_mu_al=1.00e-08_mu_bet=1.00e-03_python.mat,alfa_od,VLC,MAD,1.000376777,0.000376777
bud=5.00e+06_lam=10_alfa=0.1_mu_al=1.00e-08_mu_bet=1.00e-03_python.mat,alfa_od,BIO,BCN,1.000372678,0.000372678
bud=5.00e+06_lam=10_alfa=0.1_mu_al=1.00e-08_mu_bet=1.00e-03_python.mat,alfa_od,BCN,BIO,1.000371682,0.000371682
bud=5.00e+06_lam=10_alfa=0.1_mu_al=1.00e-08_mu_bet=1.00e-03_python.mat,alfa_od,MAD,BIO,1.000330762,0.000330762
bud=5.00e+06_lam=10_alfa=0.1_mu_al=1.00e-08_mu_bet=1.00e-03_python.mat,alfa_od,BCN,IBZ,1.000327936,0.000327936
bud=5.00e+06_lam=10_alfa=0.1_mu_al=1.00e-08_mu_bet=1.00e-03_python.mat,alfa_od,IBZ,BCN,1.000327020,0.000327020
bud=5.00e+06_lam=10_alfa=0.1_mu_al=1.00e-08_mu_bet=1.00e-03_python.mat,alfa_od,BIO,MAD,1.000294104,0.000294104
bud=5.00e+06_lam=10_alfa=0.1_mu_al=1.00e-08_mu_bet=1.00e-03_python.mat,alfa_od,BCN,MAH,1.000277348,0.000277348
bud=5.00e+06_lam=10_alfa=0.1_mu_al=1.00e-08_mu_bet=1.00e-03_python.mat,alfa_od,MAH,BCN,1.000234318,0.000234318
bud=5.00e+06_lam=10_alfa=0.1_mu_al=1.00e-08_mu_bet=1.00e-03_python.mat,alfa_od,VLC,PMI,1.000205144,0.000205144
bud=5.00e+06_lam=10_alfa=0.1_mu_al=1.00e-08_mu_bet=1.00e-03_python.mat,alfa_od,LHR,BIO,1.000199203,0.000199203
bud=5.00e+06_lam=10_alfa=0.1_mu_al=1.00e-08_mu_bet=1.00e-03_python.mat,alfa_od,BCN,MXP,1.000184560,0.000184560
bud=5.00e+06_lam=10_alfa=0.1_mu_al=1.00e-08_mu_bet=1.00e-03_python.mat,alfa_od,MAD,LHR,1.000158506,0.000158506
bud=5.00e+06_lam=10_alfa=0.1_mu_al=1.00e-08_mu_bet=1.00e-03_python.mat,alfa_od,MXP,BCN,1.000153817,0.000153817
bud=5.00e+06_lam=10_alfa=0.1_mu_al=1.00e-08_mu_bet=1.00e-03_python.mat,alfa_od,PMI,VLC,1.000151314,0.000151314
bud=5.00e+06_lam=10_alfa=0.1_mu_al=1.00e-08_mu_bet=1.00e-03_python.mat,alfa_od,MAD,VLC,1.000131801,0.000131801
bud=5.00e+06_lam=10_alfa=0.1_mu_al=1.00e-08_mu_bet=1.00e-03_python.mat,alfa_od,PMI,IBZ,1.000118908,0.000118908
bud=5.00e+06_lam=10_alfa=0.1_mu_al=1.00e-08_mu_bet=1.00e-03_python.mat,alfa_od,BIO,LHR,1.000118185,0.000118185
bud=5.00e+06_lam=10_alfa=0.1_mu_al=1.00e-08_mu_bet=1.00e-03_python.mat,alfa_od,IBZ,PMI,1.000115407,0.000115407
bud=5.00e+06_lam=10_alfa=0.1_mu_al=1.00e-08_mu_bet=1.00e-03_python.mat,alfa_od,PMI,MAH,1.000092572,0.000092572
bud=5.00e+06_lam=10_alfa=0.1_mu_al=1.00e-08_mu_bet=1.00e-03_python.mat,alfa_od,MAH,PMI,1.000089738,0.000089738
bud=5.00e+06_lam=10_alfa=0.1_mu_al=1.00e-08_mu_bet=1.00e-03_python.mat,alfa_od,IBZ,VLC,1.000052821,0.000052821
bud=5.00e+06_lam=10_alfa=0.1_mu_al=1.00e-08_mu_bet=1.00e-03_python.mat,alfa_od,VLC,IBZ,1.000050361,0.000050361
bud=5.00e+06_lam=10_alfa=0.1_mu_al=1.00e-08_mu_bet=1.00e-03_python.mat,beta_od,EZE,MAD,0.905598017,-0.094401983
bud=5.00e+06_lam=10_alfa=0.1_mu_al=1.00e-08_mu_bet=1.00e-03_python.mat,beta_od,SVQ,MAD,0.921903183,-0.078096817
bud=5.00e+06_lam=10_alfa=0.1_mu_al=1.00e-08_mu_bet=1.00e-03_python.mat,beta_od,MEX,MAD,0.930142417,-0.069857583
bud=5.00e+06_lam=10_alfa=0.1_mu_al=1.00e-08_mu_bet=1.00e-03_python.mat,beta_od,GRU,MAD,0.990928627,-0.009071373
bud=5.00e+06_lam=10_alfa=0.1_mu_al=1.00e-08_mu_bet=1.00e-03_python.mat,beta_od,LHR,BIO,1.000992580,0.000992580
bud=5.00e+06_lam=10_alfa=0.1_mu_al=1.00e-08_mu_bet=1.00e-03_python.mat,beta_od,JFK,MAD,1.000887979,0.000887979
bud=5.00e+06_lam=10_alfa=0.1_mu_al=1.00e-08_mu_bet=1.00e-03_python.mat,beta_od,VLC,MAD,1.000704914,0.000704914
bud=5.00e+06_lam=10_alfa=0.1_mu_al=1.00e-08_mu_bet=1.00e-03_python.mat,beta_od,LHR,MAD,1.000686158,0.000686158
bud=5.00e+06_lam=10_alfa=0.1_mu_al=1.00e-08_mu_bet=1.00e-03_python.mat,beta_od,MAD,JFK,1.000645877,0.000645877
bud=5.00e+06_lam=10_alfa=0.1_mu_al=1.00e-08_mu_bet=1.00e-03_python.mat,beta_od,BIO,BCN,1.000612795,0.000612795
bud=5.00e+06_lam=10_alfa=0.1_mu_al=1.00e-08_mu_bet=1.00e-03_python.mat,beta_od,BCN,BIO,1.000611217,0.000611217
bud=5.00e+06_lam=10_alfa=0.1_mu_al=1.00e-08_mu_bet=1.00e-03_python.mat,beta_od,BIO,LHR,1.000597427,0.000597427
bud=5.00e+06_lam=10_alfa=0.1_mu_al=1.00e-08_mu_bet=1.00e-03_python.mat,beta_od,MAD,BIO,1.000492669,0.000492669
bud=5.00e+06_lam=10_alfa=0.1_mu_al=1.00e-08_mu_bet=1.00e-03_python.mat,beta_od,VLC,PMI,1.000482195,0.000482195
bud=5.00e+06_lam=10_alfa=0.1_mu_al=1.00e-08_mu_bet=1.00e-03_python.mat,beta_od,PMI,IBZ,1.000457537,0.000457537
bud=5.00e+06_lam=10_alfa=0.1_mu_al=1.00e-08_mu_bet=1.00e-03_python.mat,beta_od,BCN,IBZ,1.000449328,0.000449328
bud=5.00e+06_lam=10_alfa=0.1_mu_al=1.00e-08_mu_bet=1.00e-03_python.mat,beta_od,IBZ,BCN,1.000448120,0.000448120
bud=5.00e+06_lam=10_alfa=0.1_mu_al=1.00e-08_mu_bet=1.00e-03_python.mat,beta_od,IBZ,PMI,1.000444507,0.000444507
bud=5.00e+06_lam=10_alfa=0.1_mu_al=1.00e-08_mu_bet=1.00e-03_python.mat,beta_od,BIO,MAD,1.000436913,0.000436913
bud=5.00e+06_lam=10_alfa=0.1_mu_al=1.00e-08_mu_bet=1.00e-03_python.mat,beta_od,MAD,BCN,1.000427573,0.000427573
bud=5.00e+06_lam=10_alfa=0.1_mu_al=1.00e-08_mu_bet=1.00e-03_python.mat,beta_od,PMI,MAH,1.000425842,0.000425842
bud=5.00e+06_lam=10_alfa=0.1_mu_al=1.00e-08_mu_bet=1.00e-03_python.mat,beta_od,MAH,PMI,1.000413216,0.000413216
bud=5.00e+06_lam=10_alfa=0.1_mu_al=1.00e-08_mu_bet=1.00e-03_python.mat,beta_od,IBZ,VLC,1.000409084,0.000409084
bud=5.00e+06_lam=10_alfa=0.1_mu_al=1.00e-08_mu_bet=1.00e-03_python.mat,beta_od,BCN,MAH,1.000406118,0.000406118
bud=5.00e+06_lam=10_alfa=0.1_mu_al=1.00e-08_mu_bet=1.00e-03_python.mat,beta_od,VLC,IBZ,1.000390661,0.000390661
bud=5.00e+06_lam=10_alfa=0.1_mu_al=1.00e-08_mu_bet=1.00e-03_python.mat,beta_od,BCN,MAD,1.000362613,0.000362613
bud=5.00e+06_lam=10_alfa=0.1_mu_al=1.00e-08_mu_bet=1.00e-03_python.mat,beta_od,PMI,VLC,1.000360048,0.000360048
bud=5.00e+06_lam=10_alfa=0.1_mu_al=1.00e-08_mu_bet=1.00e-03_python.mat,beta_od,MAH,BCN,1.000345117,0.000345117
bud=5.00e+06_lam=10_alfa=0.1_mu_al=1.00e-08_mu_bet=1.00e-03_python.mat,beta_od,BCN,PMI,1.000342839,0.000342839
bud=5.00e+06_lam=10_alfa=0.1_mu_al=1.00e-08_mu_bet=1.00e-03_python.mat,beta_od,PMI,BCN,1.000340895,0.000340895
bud=5.00e+06_lam=10_alfa=0.1_mu_al=1.00e-08_mu_bet=1.00e-03_python.mat,beta_od,BCN,MXP,1.000245612,0.000245612
bud=5.00e+06_lam=10_alfa=0.1_mu_al=1.00e-08_mu_bet=1.00e-03_python.mat,beta_od,MAD,VLC,1.000235009,0.000235009
bud=5.00e+06_lam=10_alfa=0.1_mu_al=1.00e-08_mu_bet=1.00e-03_python.mat,beta_od,MXP,BCN,1.000207365,0.000207365
bud=5.00e+06_lam=10_alfa=0.1_mu_al=1.00e-08_mu_bet=1.00e-03_python.mat,beta_od,MAD,LHR,1.000098599,0.000098599
bud=5.00e+06_lam=10_alfa=0.1_mu_al=1.00e-08_mu_bet=1.00e-03_python.mat,beta_od,MAD,GRU,0.999999267,-0.000000733
