file,budget,lam,alfa,mu_alfa,mu_beta,is_longrun,obj_val,pax_obj,op_obj,used_budget,comp_time,combo,series,objective_gain,rank_in_budget_lam,gap_vs_best_pct,best_regular_obj_val,best_regular_series,best_regular_combo,delta_vs_best_regular,improvement_vs_best_regular_pct,baseline_mu0_obj_val,baseline_mu0_series,delta_vs_mu0,improvement_vs_mu0_pct
bud=1.00e+05_lam=4_alfa=0.1_mu_al=0.00e+00_mu_bet=0.00e+00_python.mat,100000.0,4.0,0.1,0.0,0.0,False,-32195.13189957678,243828.06755383537,211632.9356542586,100381.56607320736,5450.19064979814,single level,single level,32195.13189957678,1,0.0,-32195.13189957678,single level,single level,0.0,0.0,-32195.13189957678,single level,0.0,0.0
bud=1.50e+05_lam=4_alfa=0.1_mu_al=0.00e+00_mu_bet=0.00e+00_python.mat,150000.0,4.0,0.1,0.0,0.0,False,-49226.480358387635,410103.27597716765,360876.79561878,148617.97652830885,5429.30830867216,single level,single level,49226.480358387635,1,0.0,-49226.480358387635,single level,single level,0.0,0.0,-49226.480358387635,single level,0.0,0.0
bud=2.00e+05_lam=4_alfa=0.1_mu_al=0.00e+00_mu_bet=0.00e+00_python.mat,200000.0,4.0,0.1,0.0,0.0,False,-54709.27719450282,441295.3418863012,386586.06469179835,174726.2936586597,5443.208053106442,single level,single level,54709.27719450282,1,0.0,-54709.27719450282,single level,single level,0.0,0.0,-54709.27719450282,single level,0.0,0.0
bud=3.00e+05_lam=4_alfa=0.1_mu_al=0.00e+00_mu_bet=0.00e+00_python.mat,300000.0,4.0,0.1,0.0,0.0,False,-54686.48557603941,441294.1201883664,386607.634612327,174725.84911761933,5445.931684490293,single level,single level,54686.48557603941,1,0.0,-54686.48557603941,single level,single level,0.0,0.0,-54686.48557603941,single level,0.0,0.0
bud=5.00e+05_lam=4_alfa=0.1_mu_al=0.00e+00_mu_bet=0.00e+00_python.mat,500000.0,4.0,0.1,0.0,0.0,False,-492933.17536932975,2426194.153664592,1933260.9782952624,428657.38485215564,2524.5822666995227,single level,single level,492933.17536932975,1,0.0,-492933.17536932975,single level,single level,0.0,0.0,-492933.17536932975,single level,0.0,0.0
bud=1.00e+06_lam=4_alfa=0.1_mu_al=0.00e+00_mu_bet=0.00e+00_python.mat,1000000.0,4.0,0.1,0.0,0.0,False,-249993.9515357404,2011840.351774847,1761846.4002391065,496531.25291944755,2490.815388703719,single level,single level,249993.9515357404,1,0.0,-249993.9515357404,single level,single level,0.0,0.0,-249993.9515357404,single level,0.0,0.0
bud=1.00e+07_lam=4_alfa=0.1_mu_al=0.00e+00_mu_bet=0.00e+00_python.mat,10000000.0,4.0,0.1,0.0,0.0,False,-405224.55800451105,2984047.9202141543,2578823.3622096432,500361.87742521544,2543.6058640927076,single level,single level,405224.55800451105,1,0.0,-405224.55800451105,single level,single level,0.0,0.0,-405224.55800451105,single level,0.0,0.0
bud=1.00e+07_lam=4_alfa=0.1_mu_al=1.00e-07_mu_bet=1.00e-01_python.mat,10000000.0,4.0,0.1,1e-07,0.1,False,-300618.8231754771,1435264.3405558036,1134645.5173803265,465548.63265992294,1751.6668057739735,"$\mu_\alpha = 10^{-7}$, $\mu_\beta = 10^{-1}$ T=3",$\mu_\alpha = 10^{-7}$ | $\mu_\beta = 10^{-1}$ | T=3,300618.8231754771,2,25.814263415858782,-405224.55800451105,single level,single level,-104605.73482903396,-25.814263415858782,-405224.55800451105,single level,-104605.73482903396,-25.814263415858782
bud=1.00e+08_lam=4_alfa=0.1_mu_al=0.00e+00_mu_bet=0.00e+00_python.mat,100000000.0,4.0,0.1,0.0,0.0,False,-405223.89354514424,2984048.616897475,2578824.7233523307,844302.2628982109,2526.753709729761,single level,single level,405223.89354514424,1,0.0,-405223.89354514424,single level,single level,0.0,0.0,-405223.89354514424,single level,0.0,0.0
bud=1.00e+08_lam=4_alfa=0.1_mu_al=1.00e-07_mu_bet=1.00e-01_python.mat,100000000.0,4.0,0.1,1e-07,0.1,False,-300618.8231754771,1435264.3405558036,1134645.5173803265,465548.63265992294,2269.44088508375,"$\mu_\alpha = 10^{-7}$, $\mu_\beta = 10^{-1}$ T=3",$\mu_\alpha = 10^{-7}$ | $\mu_\beta = 10^{-1}$ | T=3,300618.8231754771,2,25.81414177098951,-405223.89354514424,single level,single level,-104605.07036966714,-25.81414177098951,-405223.89354514424,single level,-104605.07036966714,-25.81414177098951
bud=1.00e+04_lam=10_alfa=0.1_mu_al=0.00e+00_mu_bet=0.00e+00_python.mat,10000.0,10.0,0.1,0.0,0.0,False,0.0,0.0,0.0,0.0,5442.69865697436,single level,single level,-0.0,1,0.0,0.0,single level,single level,0.0,0.0,0.0,single level,0.0,0.0
bud=1.00e+04_lam=10_alfa=0.1_mu_al=1.00e-08_mu_bet=1.00e-03_python.mat,10000.0,10.0,0.1,1e-08,0.001,False,0.0,0.0,0.0,0.0,6164.651581533253,"$\mu_\alpha = 10^{-8}$, $\mu_\beta = 10^{-3}$ T=3",$\mu_\alpha = 10^{-8}$ | $\mu_\beta = 10^{-3}$ | T=3,-0.0,1,0.0,0.0,single level,single level,0.0,0.0,0.0,single level,0.0,0.0
bud=1.00e+04_lam=10_alfa=0.1_mu_al=1.00e-07_mu_bet=5.00e-03_python.mat,10000.0,10.0,0.1,1e-07,0.005,False,0.0,0.0,0.0,0.0,6023.937789652497,"$\mu_\alpha = 10^{-7}$, $\mu_\beta = 5 \times 10^{-3}$ T=3",$\mu_\alpha = 10^{-7}$ | $\mu_\beta = 5 \times 10^{-3}$ | T=3,-0.0,1,0.0,0.0,single level,single level,0.0,0.0,0.0,single level,0.0,0.0
bud=1.00e+04_lam=10_alfa=0.1_mu_al=1.00e-08_mu_bet=1.00e-03_python_longrun.mat,10000.0,10.0,0.1,1e-08,0.001,True,0.0,0.0,0.0,0.0,7061.307451687753,"$\mu_\alpha = 10^{-8}$, $\mu_\beta = 10^{-3}$ T=10",$\mu_\alpha = 10^{-8}$ | $\mu_\beta = 10^{-3}$ | T=10,-0.0,1,0.0,0.0,single level,single level,0.0,0.0,0.0,single level,0.0,0.0
bud=1.00e+04_lam=10_alfa=0.1_mu_al=1.00e-07_mu_bet=5.00e-03_python_longrun.mat,10000.0,10.0,0.1,1e-07,0.005,True,0.0,0.0,0.0,0.0,6251.72574086301,"$\mu_\alpha = 10^{-7}$, $\mu_\beta = 5 \times 10^{-3}$ T=10",$\mu_\alpha = 10^{-7}$ | $\mu_\beta = 5 \times 10^{-3}$ | T=10,-0.0,1,0.0,0.0,single level,single level,0.0,0.0,0.0,single level,0.0,0.0
bud=2.50e+04_lam=10_alfa=0.1_mu_al=0.00e+00_mu_bet=0.00e+00_python.mat,25000.0,10.0,0.1,0.0,0.0,False,0.0,0.0,0.0,0.0,5439.504512546584,single level,single level,-0.0,1,0.0,0.0,single level,single level,0.0,0.0,0.0,single level,0.0,0.0
bud=2.50e+04_lam=10_alfa=0.1_mu_al=1.00e-08_mu_bet=1.00e-03_python.mat,25000.0,10.0,0.1,1e-08,0.001,False,0.0,0.0,0.0,0.0,6483.582180524245,"$\mu_\alpha = 10^{-8}$, $\mu_\beta = 10^{-3}$ T=3",$\mu_\alpha = 10^{-8}$ | $\mu_\beta = 10^{-3}$ | T=3,-0.0,1,0.0,0.0,single level,single level,0.0,0.0,0.0,single level,0.0,0.0
bud=2.50e+04_lam=10_alfa=0.1_mu_al=1.00e-07_mu_bet=5.00e-03_python.mat,25000.0,10.0,0.1,1e-07,0.005,False,0.0,0.0,0.0,0.0,6312.694709485397,"$\mu_\alpha = 10^{-7}$, $\mu_\beta = 5 \times 10^{-3}$ T=3",$\mu_\alpha = 10^{-7}$ | $\mu_\beta = 5 \times 10^{-3}$ | T=3,-0.0,1,0.0,0.0,single level,single level,0.0,0.0,0.0,single level,0.0,0.0
bud=2.50e+04_lam=10_alfa=0.1_mu_al=1.00e-08_mu_bet=1.00e-03_python_longrun.mat,25000.0,10.0,0.1,1e-08,0.001,True,0.0,0.0,0.0,0.0,7378.247667329386,"$\mu_\alpha = 10^{-8}$, $\mu_\beta = 10^{-3}$ T=10",$\mu_\alpha = 10^{-8}$ | $\mu_\beta = 10^{-3}$ | T=10,-0.0,1,0.0,0.0,single level,single level,0.0,0.0,0.0,single level,0.0,0.0
bud=2.50e+04_lam=10_alfa=0.1_mu_al=1.00e-07_mu_bet=5.00e-03_python_longrun.mat,25000.0,10.0,0.1,1e-07,0.005,True,0.0,0.0,0.0,0.0,6562.193059407175,"$\mu_\alpha = 10^{-7}$, $\mu_\beta = 5 \times 10^{-3}$ T=10",$\mu_\alpha = 10^{-7}$ | $\mu_\beta = 5 \times 10^{-3}$ | T=10,-0.0,1,0.0,0.0,single level,single level,0.0,0.0,0.0,single level,0.0,0.0
bud=5.00e+04_lam=10_alfa=0.1_mu_al=0.00e+00_mu_bet=0.00e+00_python.mat,50000.0,10.0,0.1,0.0,0.0,False,0.0,0.0,0.0,0.0,5461.7025185171515,single level,single level,-0.0,1,0.0,0.0,single level,single level,0.0,0.0,0.0,single level,0.0,0.0
bud=5.00e+04_lam=10_alfa=0.1_mu_al=1.00e-08_mu_bet=1.00e-03_python.mat,50000.0,10.0,0.1,1e-08,0.001,False,0.0,0.0,0.0,0.0,10018.0875847321,"$\mu_\alpha = 10^{-8}$, $\mu_\beta = 10^{-3}$ T=3",$\mu_\alpha = 10^{-8}$ | $\mu_\beta = 10^{-3}$ | T=3,-0.0,1,0.0,0.0,single level,single level,0.0,0.0,0.0,single level,0.0,0.0
bud=5.00e+04_lam=10_alfa=0.1_mu_al=1.00e-07_mu_bet=5.00e-03_python.mat,50000.0,10.0,0.1,1e-07,0.005,False,0.0,0.0,0.0,0.0,9791.175921939313,"$\mu_\alpha = 10^{-7}$, $\mu_\beta = 5 \times 10^{-3}$ T=3",$\mu_\alpha = 10^{-7}$ | $\mu_\beta = 5 \times 10^{-3}$ | T=3,-0.0,1,0.0,0.0,single level,single level,0.0,0.0,0.0,single level,0.0,0.0
bud=5.00e+04_lam=10_alfa=0.1_mu_al=1.00e-08_mu_bet=1.00e-03_python_longrun.mat,50000.0,10.0,0.1,1e-08,0.001,True,0.0,0.0,0.0,0.0,11414.99005308561,"$\mu_\alpha = 10^{-8}$, $\mu_\beta = 10^{-3}$ T=10",$\mu_\alpha = 10^{-8}$ | $\mu_\beta = 10^{-3}$ | T=10,-0.0,1,0.0,0.0,single level,single level,0.0,0.0,0.0,single level,0.0,0.0
bud=5.00e+04_lam=10_alfa=0.1_mu_al=1.00e-07_mu_bet=5.00e-03_python_longrun.mat,50000.0,10.0,0.1,1e-07,0.005,True,0.0,0.0,0.0,0.0,10084.470542268828,"$\mu_\alpha = 10^{-7}$, $\mu_\beta = 5 \times 10^{-3}$ T=10",$\mu_\alpha = 10^{-7}$ | $\mu_\beta = 5 \times 10^{-3}$ | T=10,-0.0,1,0.0,0.0,single level,single level,0.0,0.0,0.0,single level,0.0,0.0
bud=7.50e+04_lam=10_alfa=0.1_mu_al=0.00e+00_mu_bet=0.00e+00_python.mat,75000.0,10.0,0.1,0.0,0.0,False,2937.6134195791365,13467.847656716234,16405.46107629537,76341.79513873016,5481.756244737655,single level,single level,-2937.6134195791365,3,112.09501982127601,-24287.793347900646,$\mu_\alpha = 10^{-8}$ | $\mu_\beta = 10^{-3}$ | T=3,"$\mu_\alpha = 10^{-8}$, $\mu_\beta = 10^{-3}$ T=3",-27225.406767479784,-112.09501982127601,2937.6134195791365,single level,0.0,0.0
bud=7.50e+04_lam=10_alfa=0.1_mu_al=1.00e-08_mu_bet=1.00e-03_python.mat,75000.0,10.0,0.1,1e-08,0.001,False,-24287.793347900646,260002.61092961766,235714.817581717,74629.75719943448,11253.425203606486,"$\mu_\alpha = 10^{-8}$, $\mu_\beta = 10^{-3}$ T=3",$\mu_\alpha = 10^{-8}$ | $\mu_\beta = 10^{-3}$ | T=3,24287.793347900646,1,0.0,-24287.793347900646,$\mu_\alpha = 10^{-8}$ | $\mu_\beta = 10^{-3}$ | T=3,"$\mu_\alpha = 10^{-8}$, $\mu_\beta = 10^{-3}$ T=3",0.0,0.0,2937.6134195791365,single level,27225.406767479784,926.7865739590845
bud=7.50e+04_lam=10_alfa=0.1_mu_al=1.00e-07_mu_bet=5.00e-03_python.mat,75000.0,10.0,0.1,1e-07,0.005,False,-19173.231835563725,222170.1829279813,202996.95109241758,75645.67710903716,10165.713628489524,"$\mu_\alpha = 10^{-7}$, $\mu_\beta = 5 \times 10^{-3}$ T=3",$\mu_\alpha = 10^{-7}$ | $\mu_\beta = 5 \times 10^{-3}$ | T=3,19173.231835563725,2,21.0581564124639,-24287.793347900646,$\mu_\alpha = 10^{-8}$ | $\mu_\beta = 10^{-3}$ | T=3,"$\mu_\alpha = 10^{-8}$, $\mu_\beta = 10^{-3}$ T=3",-5114.561512336921,-21.0581564124639,2937.6134195791365,single level,22110.845255142864,752.680564017529
bud=7.50e+04_lam=10_alfa=0.1_mu_al=1.00e-08_mu_bet=1.00e-03_python_longrun.mat,75000.0,10.0,0.1,1e-08,0.001,True,-24287.793347900646,260002.61092961766,235714.817581717,74629.75719943448,12797.360970104113,"$\mu_\alpha = 10^{-8}$, $\mu_\beta = 10^{-3}$ T=10",$\mu_\alpha = 10^{-8}$ | $\mu_\beta = 10^{-3}$ | T=10,24287.793347900646,1,0.0,-24287.793347900646,$\mu_\alpha = 10^{-8}$ | $\mu_\beta = 10^{-3}$ | T=3,"$\mu_\alpha = 10^{-8}$, $\mu_\beta = 10^{-3}$ T=3",0.0,0.0,2937.6134195791365,single level,27225.406767479784,926.7865739590845
bud=7.50e+04_lam=10_alfa=0.1_mu_al=1.00e-07_mu_bet=5.00e-03_python_longrun.mat,75000.0,10.0,0.1,1e-07,0.005,True,-19173.231835563725,222170.1829279813,202996.95109241758,75645.67710903716,10463.550468107685,"$\mu_\alpha = 10^{-7}$, $\mu_\beta = 5 \times 10^{-3}$ T=10",$\mu_\alpha = 10^{-7}$ | $\mu_\beta = 5 \times 10^{-3}$ | T=10,19173.231835563725,2,21.0581564124639,-24287.793347900646,$\mu_\alpha = 10^{-8}$ | $\mu_\beta = 10^{-3}$ | T=3,"$\mu_\alpha = 10^{-8}$, $\mu_\beta = 10^{-3}$ T=3",-5114.561512336921,-21.0581564124639,2937.6134195791365,single level,22110.845255142864,752.680564017529
bud=1.00e+05_lam=10_alfa=0.1_mu_al=0.00e+00_mu_bet=0.00e+00_python.mat,100000.0,10.0,0.1,0.0,0.0,False,-9995.190979300198,126179.9460428516,116184.7550635514,100927.68205753106,5675.153091398999,single level,single level,9995.190979300198,4,74.62290902206608,-39263.06208210962,$\mu_\alpha = 10^{-7}$ | $\mu_\beta = 5 \times 10^{-3}$ | T=3,"$\mu_\alpha = 10^{-7}$, $\mu_\beta = 5 \times 10^{-3}$ T=3",-29267.871102809426,-74.54301715338053,-9995.190979300198,single level,0.0,0.0
bud=1.00e+05_lam=10_alfa=0.1_mu_al=1.00e-08_mu_bet=1.00e-03_python.mat,100000.0,10.0,0.1,1e-08,0.001,False,-38897.63583822566,387364.0535541978,348466.4177159721,99782.7645812531,10401.773021163419,"$\mu_\alpha = 10^{-8}$, $\mu_\beta = 10^{-3}$ T=3",$\mu_\alpha = 10^{-8}$ | $\mu_\beta = 10^{-3}$ | T=3,38897.63583822566,3,1.2416225425333067,-39263.06208210962,$\mu_\alpha = 10^{-7}$ | $\mu_\beta = 5 \times 10^{-3}$ | T=3,"$\mu_\alpha = 10^{-7}$, $\mu_\beta = 5 \times 10^{-3}$ T=3",-365.42624388396507,-0.930712543814745,-9995.190979300198,single level,28902.44485892546,289.16350791877545
bud=1.00e+05_lam=10_alfa=0.1_mu_al=1.00e-07_mu_bet=5.00e-03_python.mat,100000.0,10.0,0.1,1e-07,0.005,False,-39263.06208210962,387195.6369032766,347932.574821167,100625.81451151035,5568.661547778174,"$\mu_\alpha = 10^{-7}$, $\mu_\beta = 5 \times 10^{-3}$ T=3",$\mu_\alpha = 10^{-7}$ | $\mu_\beta = 5 \times 10^{-3}$ | T=3,39263.06208210962,2,0.3138308619167832,-39263.06208210962,$\mu_\alpha = 10^{-7}$ | $\mu_\beta = 5 \times 10^{-3}$ | T=3,"$\mu_\alpha = 10^{-7}$, $\mu_\beta = 5 \times 10^{-3}$ T=3",0.0,0.0,-9995.190979300198,single level,29267.871102809426,292.8195285455024
bud=1.00e+05_lam=10_alfa=0.1_mu_al=1.00e-08_mu_bet=1.00e-03_python_longrun.mat,100000.0,10.0,0.1,1e-08,0.001,True,-38897.63583822566,387364.0535541978,348466.4177159721,99782.7645812531,11816.527163894847,"$\mu_\alpha = 10^{-8}$, $\mu_\beta = 10^{-3}$ T=10",$\mu_\alpha = 10^{-8}$ | $\mu_\beta = 10^{-3}$ | T=10,38897.63583822566,3,1.2416225425333067,-39263.06208210962,$\mu_\alpha = 10^{-7}$ | $\mu_\beta = 5 \times 10^{-3}$ | T=3,"$\mu_\alpha = 10^{-7}$, $\mu_\beta = 5 \times 10^{-3}$ T=3",-365.42624388396507,-0.930712543814745,-9995.190979300198,single level,28902.44485892546,289.16350791877545
bud=1.00e+05_lam=10_alfa=0.1_mu_al=1.00e-07_mu_bet=5.00e-03_python_longrun.mat,100000.0,10.0,0.1,1e-07,0.005,True,-39386.66960681701,387398.2144235608,348011.5448167438,100473.29443826752,10158.910741711035,"$\mu_\alpha = 10^{-7}$, $\mu_\beta = 5 \times 10^{-3}$ T=10",$\mu_\alpha = 10^{-7}$ | $\mu_\beta = 5 \times 10^{-3}$ | T=10,39386.66960681701,1,0.0,-39263.06208210962,$\mu_\alpha = 10^{-7}$ | $\mu_\beta = 5 \times 10^{-3}$ | T=3,"$\mu_\alpha = 10^{-7}$, $\mu_\beta = 5 \times 10^{-3}$ T=3",123.60752470738953,0.3148188606606712,-9995.190979300198,single level,29391.478627516815,294.056198509722
bud=1.50e+05_lam=10_alfa=0.1_mu_al=0.00e+00_mu_bet=0.00e+00_python.mat,150000.0,10.0,0.1,0.0,0.0,False,-22309.195818870387,267512.5184430678,245203.3226241974,135660.38909012472,5691.156781438738,single level,single level,22309.195818870387,4,53.026334109371824,-34893.839815205196,$\mu_\alpha = 10^{-7}$ | $\mu_\beta = 5 \times 10^{-3}$ | T=3,"$\mu_\alpha = 10^{-7}$, $\mu_\beta = 5 \times 10^{-3}$ T=3",-12584.64399633481,-36.065517761822754,-22309.195818870387,single level,0.0,0.0
bud=1.50e+05_lam=10_alfa=0.1_mu_al=1.00e-08_mu_bet=1.00e-03_python.mat,150000.0,10.0,0.1,1e-08,0.001,False,-22325.93242133601,267644.1118778783,245318.1794565423,135665.0828269101,9722.68541932106,"$\mu_\alpha = 10^{-8}$, $\mu_\beta = 10^{-3}$ T=3",$\mu_\alpha = 10^{-8}$ | $\mu_\beta = 10^{-3}$ | T=3,22325.93242133601,3,52.99109395196107,-34893.839815205196,$\mu_\alpha = 10^{-7}$ | $\mu_\beta = 5 \times 10^{-3}$ | T=3,"$\mu_\alpha = 10^{-7}$, $\mu_\beta = 5 \times 10^{-3}$ T=3",-12567.907393869187,-36.01755341466504,-22309.195818870387,single level,16.736602465622127,0.07502109265393313
bud=1.50e+05_lam=10_alfa=0.1_mu_al=1.00e-07_mu_bet=5.00e-03_python.mat,150000.0,10.0,0.1,1e-07,0.005,False,-34893.839815205196,575214.7000437677,540320.8602285625,132673.88343455706,5590.29494009912,"$\mu_\alpha = 10^{-7}$, $\mu_\beta = 5 \times 10^{-3}$ T=3",$\mu_\alpha = 10^{-7}$ | $\mu_\beta = 5 \times 10^{-3}$ | T=3,34893.839815205196,2,26.5284330986906,-34893.839815205196,$\mu_\alpha = 10^{-7}$ | $\mu_\beta = 5 \times 10^{-3}$ | T=3,"$\mu_\alpha = 10^{-7}$, $\mu_\beta = 5 \times 10^{-3}$ T=3",0.0,0.0,-22309.195818870387,single level,12584.64399633481,56.410119389825795
bud=1.50e+05_lam=10_alfa=0.1_mu_al=1.00e-08_mu_bet=1.00e-03_python_longrun.mat,150000.0,10.0,0.1,1e-08,0.001,True,-22325.93242133601,267644.1118778783,245318.1794565423,135665.0828269101,11062.067978193983,"$\mu_\alpha = 10^{-8}$, $\mu_\beta = 10^{-3}$ T=10",$\mu_\alpha = 10^{-8}$ | $\mu_\beta = 10^{-3}$ | T=10,22325.93242133601,3,52.99109395196107,-34893.839815205196,$\mu_\alpha = 10^{-7}$ | $\mu_\beta = 5 \times 10^{-3}$ | T=3,"$\mu_\alpha = 10^{-7}$, $\mu_\beta = 5 \times 10^{-3}$ T=3",-12567.907393869187,-36.01755341466504,-22309.195818870387,single level,16.736602465622127,0.07502109265393313
bud=1.50e+05_lam=10_alfa=0.1_mu_al=1.00e-07_mu_bet=5.00e-03_python_longrun.mat,150000.0,10.0,0.1,1e-07,0.005,True,-47492.98441133875,562356.5212675895,514863.5368562508,132653.28438134422,10751.745427384973,"$\mu_\alpha = 10^{-7}$, $\mu_\beta = 5 \times 10^{-3}$ T=10",$\mu_\alpha = 10^{-7}$ | $\mu_\beta = 5 \times 10^{-3}$ | T=10,47492.98441133875,1,0.0,-34893.839815205196,$\mu_\alpha = 10^{-7}$ | $\mu_\beta = 5 \times 10^{-3}$ | T=3,"$\mu_\alpha = 10^{-7}$, $\mu_\beta = 5 \times 10^{-3}$ T=3",12599.144596133556,36.10707409347195,-22309.195818870387,single level,25183.788592468365,112.88523708759813
bud=2.00e+05_lam=10_alfa=0.1_mu_al=0.00e+00_mu_bet=0.00e+00_python.mat,200000.0,10.0,0.1,0.0,0.0,False,64332.60842971504,640888.2980305935,705220.9064603086,200432.0599890408,5681.408981993794,single level,single level,-64332.60842971504,4,202.0255072144935,-61854.350859797385,$\mu_\alpha = 10^{-7}$ | $\mu_\beta = 5 \times 10^{-3}$ | T=3,"$\mu_\alpha = 10^{-7}$, $\mu_\beta = 5 \times 10^{-3}$ T=3",-126186.95928951242,-204.00660185656952,64332.60842971504,single level,0.0,0.0
bud=2.00e+05_lam=10_alfa=0.1_mu_al=1.00e-08_mu_bet=1.00e-03_python.mat,200000.0,10.0,0.1,1e-08,0.001,False,-17670.557619268424,571605.8428792775,553935.2852600091,196296.56162547864,11249.924578960985,"$\mu_\alpha = 10^{-8}$, $\mu_\beta = 10^{-3}$ T=3",$\mu_\alpha = 10^{-8}$ | $\mu_\beta = 10^{-3}$ | T=3,17670.557619268424,3,71.97614634515483,-61854.350859797385,$\mu_\alpha = 10^{-7}$ | $\mu_\beta = 5 \times 10^{-3}$ | T=3,"$\mu_\alpha = 10^{-7}$, $\mu_\beta = 5 \times 10^{-3}$ T=3",-44183.79324052896,-71.43198922364974,64332.60842971504,single level,82003.16604898346,127.4674975111167
bud=2.00e+05_lam=10_alfa=0.1_mu_al=1.00e-07_mu_bet=5.00e-03_python.mat,200000.0,10.0,0.1,1e-07,0.005,False,-61854.350859797385,585105.1061903203,523250.75533052295,199719.79412168535,5617.927947750315,"$\mu_\alpha = 10^{-7}$, $\mu_\beta = 5 \times 10^{-3}$ T=3",$\mu_\alpha = 10^{-7}$ | $\mu_\beta = 5 \times 10^{-3}$ | T=3,61854.350859797385,2,1.9047777801721097,-61854.350859797385,$\mu_\alpha = 10^{-7}$ | $\mu_\beta = 5 \times 10^{-3}$ | T=3,"$\mu_\alpha = 10^{-7}$, $\mu_\beta = 5 \times 10^{-3}$ T=3",0.0,0.0,64332.60842971504,single level,126186.95928951242,196.1477427537775
bud=2.00e+05_lam=10_alfa=0.1_mu_al=1.00e-08_mu_bet=1.00e-03_python_longrun.mat,200000.0,10.0,0.1,1e-08,0.001,True,-17670.557619268424,571605.8428792775,553935.2852600091,196296.56162547864,12833.49596390687,"$\mu_\alpha = 10^{-8}$, $\mu_\beta = 10^{-3}$ T=10",$\mu_\alpha = 10^{-8}$ | $\mu_\beta = 10^{-3}$ | T=10,17670.557619268424,3,71.97614634515483,-61854.350859797385,$\mu_\alpha = 10^{-7}$ | $\mu_\beta = 5 \times 10^{-3}$ | T=3,"$\mu_\alpha = 10^{-7}$, $\mu_\beta = 5 \times 10^{-3}$ T=3",-44183.79324052896,-71.43198922364974,64332.60842971504,single level,82003.16604898346,127.4674975111167
bud=2.00e+05_lam=10_alfa=0.1_mu_al=1.00e-07_mu_bet=5.00e-03_python_longrun.mat,200000.0,10.0,0.1,1e-07,0.005,True,-63055.41642097919,585405.5262197369,522350.1097987577,201297.92597646013,11815.87911468558,"$\mu_\alpha = 10^{-7}$, $\mu_\beta = 5 \times 10^{-3}$ T=10",$\mu_\alpha = 10^{-7}$ | $\mu_\beta = 5 \times 10^{-3}$ | T=10,63055.41642097919,1,0.0,-61854.350859797385,$\mu_\alpha = 10^{-7}$ | $\mu_\beta = 5 \times 10^{-3}$ | T=3,"$\mu_\alpha = 10^{-7}$, $\mu_\beta = 5 \times 10^{-3}$ T=3",1201.0655611818074,1.9417640707348323,64332.60842971504,single level,127388.02485069423,198.0147050773929
bud=2.50e+05_lam=10_alfa=0.1_mu_al=0.00e+00_mu_bet=0.00e+00_python.mat,250000.0,10.0,0.1,0.0,0.0,False,59850.591426157276,838709.2746491468,898559.8660753041,242915.20693113902,5505.322300853208,single level,single level,-59850.591426157276,3,191.24142969796074,-65595.85006973532,$\mu_\alpha = 10^{-7}$ | $\mu_\beta = 5 \times 10^{-3}$ | T=3,"$\mu_\alpha = 10^{-7}$, $\mu_\beta = 5 \times 10^{-3}$ T=3",-125446.44149589259,-191.24142969796074,59850.591426157276,single level,0.0,0.0
bud=2.50e+05_lam=10_alfa=0.1_mu_al=1.00e-08_mu_bet=1.00e-03_python.mat,250000.0,10.0,0.1,1e-08,0.001,False,-17395.914204467088,591691.8981528365,574295.9839483694,247545.2030938522,11286.147171203047,"$\mu_\alpha = 10^{-8}$, $\mu_\beta = 10^{-3}$ T=3",$\mu_\alpha = 10^{-8}$ | $\mu_\beta = 10^{-3}$ | T=3,17395.914204467088,2,73.48016042787249,-65595.85006973532,$\mu_\alpha = 10^{-7}$ | $\mu_\beta = 5 \times 10^{-3}$ | T=3,"$\mu_\alpha = 10^{-7}$, $\mu_\beta = 5 \times 10^{-3}$ T=3",-48199.93586526823,-73.48016042787249,59850.591426157276,single level,77246.50563062436,129.06556775788908
bud=2.50e+05_lam=10_alfa=0.1_mu_al=1.00e-07_mu_bet=5.00e-03_python.mat,250000.0,10.0,0.1,1e-07,0.005,False,-65595.85006973532,709404.0850948517,643808.2350251164,230928.4312908055,10867.76526622288,"$\mu_\alpha = 10^{-7}$, $\mu_\beta = 5 \times 10^{-3}$ T=3",$\mu_\alpha = 10^{-7}$ | $\mu_\beta = 5 \times 10^{-3}$ | T=3,65595.85006973532,1,0.0,-65595.85006973532,$\mu_\alpha = 10^{-7}$ | $\mu_\beta = 5 \times 10^{-3}$ | T=3,"$\mu_\alpha = 10^{-7}$, $\mu_\beta = 5 \times 10^{-3}$ T=3",0.0,0.0,59850.591426157276,single level,125446.44149589259,209.59933478797188
bud=2.50e+05_lam=10_alfa=0.1_mu_al=1.00e-08_mu_bet=1.00e-03_python_longrun.mat,250000.0,10.0,0.1,1e-08,0.001,True,-17395.914204467088,591691.8981528365,574295.9839483694,247545.2030938522,12843.402120297775,"$\mu_\alpha = 10^{-8}$, $\mu_\beta = 10^{-3}$ T=10",$\mu_\alpha = 10^{-8}$ | $\mu_\beta = 10^{-3}$ | T=10,17395.914204467088,2,73.48016042787249,-65595.85006973532,$\mu_\alpha = 10^{-7}$ | $\mu_\beta = 5 \times 10^{-3}$ | T=3,"$\mu_\alpha = 10^{-7}$, $\mu_\beta = 5 \times 10^{-3}$ T=3",-48199.93586526823,-73.48016042787249,59850.591426157276,single level,77246.50563062436,129.06556775788908
bud=2.50e+05_lam=10_alfa=0.1_mu_al=1.00e-07_mu_bet=5.00e-03_python_longrun.mat,250000.0,10.0,0.1,1e-07,0.005,True,-65595.85006973532,709404.0850948517,643808.2350251164,230928.4312908055,11180.825594842434,"$\mu_\alpha = 10^{-7}$, $\mu_\beta = 5 \times 10^{-3}$ T=10",$\mu_\alpha = 10^{-7}$ | $\mu_\beta = 5 \times 10^{-3}$ | T=10,65595.85006973532,1,0.0,-65595.85006973532,$\mu_\alpha = 10^{-7}$ | $\mu_\beta = 5 \times 10^{-3}$ | T=3,"$\mu_\alpha = 10^{-7}$, $\mu_\beta = 5 \times 10^{-3}$ T=3",0.0,0.0,59850.591426157276,single level,125446.44149589259,209.59933478797188
bud=3.00e+05_lam=10_alfa=0.1_mu_al=0.00e+00_mu_bet=0.00e+00_python.mat,300000.0,10.0,0.1,0.0,0.0,False,55413.640859147534,865061.0985943642,920474.7394535118,300787.89022829407,5700.951728316024,single level,single level,-55413.640859147534,4,178.87965095226645,-56864.815286828554,$\mu_\alpha = 10^{-7}$ | $\mu_\beta = 5 \times 10^{-3}$ | T=3,"$\mu_\alpha = 10^{-7}$, $\mu_\beta = 5 \times 10^{-3}$ T=3",-112278.45614597609,-197.44802753625203,55413.640859147534,single level,0.0,0.0
bud=3.00e+05_lam=10_alfa=0.1_mu_al=1.00e-08_mu_bet=1.00e-03_python.mat,300000.0,10.0,0.1,1e-08,0.001,False,-15084.012176759075,796555.4245019343,781471.4123251752,290043.03494330315,11280.336589291692,"$\mu_\alpha = 10^{-8}$, $\mu_\beta = 10^{-3}$ T=3",$\mu_\alpha = 10^{-8}$ | $\mu_\beta = 10^{-3}$ | T=3,15084.012176759075,3,78.52836238487151,-56864.815286828554,$\mu_\alpha = 10^{-7}$ | $\mu_\beta = 5 \times 10^{-3}$ | T=3,"$\mu_\alpha = 10^{-7}$, $\mu_\beta = 5 \times 10^{-3}$ T=3",-41780.80311006948,-73.47390983216128,55413.640859147534,single level,70497.65303590661,127.22075637495139
bud=3.00e+05_lam=10_alfa=0.1_mu_al=1.00e-07_mu_bet=5.00e-03_python.mat,300000.0,10.0,0.1,1e-07,0.005,False,-56864.815286828554,753653.4365101414,696788.6212233128,290055.5522109454,5588.511290797964,"$\mu_\alpha = 10^{-7}$, $\mu_\beta = 5 \times 10^{-3}$ T=3",$\mu_\alpha = 10^{-7}$ | $\mu_\beta = 5 \times 10^{-3}$ | T=3,56864.815286828554,2,19.054645900429193,-56864.815286828554,$\mu_\alpha = 10^{-7}$ | $\mu_\beta = 5 \times 10^{-3}$ | T=3,"$\mu_\alpha = 10^{-7}$, $\mu_\beta = 5 \times 10^{-3}$ T=3",0.0,0.0,55413.640859147534,single level,112278.45614597609,202.6188036107746
bud=3.00e+05_lam=10_alfa=0.1_mu_al=1.00e-08_mu_bet=1.00e-03_python_longrun.mat,300000.0,10.0,0.1,1e-08,0.001,True,-15084.012176759075,796555.4245019343,781471.4123251752,290043.03494330315,12859.356473058462,"$\mu_\alpha = 10^{-8}$, $\mu_\beta = 10^{-3}$ T=10",$\mu_\alpha = 10^{-8}$ | $\mu_\beta = 10^{-3}$ | T=10,15084.012176759075,3,78.52836238487151,-56864.815286828554,$\mu_\alpha = 10^{-7}$ | $\mu_\beta = 5 \times 10^{-3}$ | T=3,"$\mu_\alpha = 10^{-7}$, $\mu_\beta = 5 \times 10^{-3}$ T=3",-41780.80311006948,-73.47390983216128,55413.640859147534,single level,70497.65303590661,127.22075637495139
bud=3.00e+05_lam=10_alfa=0.1_mu_al=1.00e-07_mu_bet=5.00e-03_python_longrun.mat,300000.0,10.0,0.1,1e-07,0.005,True,-70250.86976193741,741114.3662226748,670863.4964607374,290092.62070711213,12335.34927601926,"$\mu_\alpha = 10^{-7}$, $\mu_\beta = 5 \times 10^{-3}$ T=10",$\mu_\alpha = 10^{-7}$ | $\mu_\beta = 5 \times 10^{-3}$ | T=10,70250.86976193741,1,0.0,-56864.815286828554,$\mu_\alpha = 10^{-7}$ | $\mu_\beta = 5 \times 10^{-3}$ | T=3,"$\mu_\alpha = 10^{-7}$, $\mu_\beta = 5 \times 10^{-3}$ T=3",13386.05447510886,23.540135332523338,55413.640859147534,single level,125664.51062108495,226.77540885736727
bud=5.00e+05_lam=10_alfa=0.1_mu_al=0.00e+00_mu_bet=0.00e+00_python.mat,500000.0,10.0,0.1,0.0,0.0,False,52554.53801261622,892730.2159537628,945284.753966379,406248.7020097639,5709.80076864548,single level,single level,-52554.53801261622,4,172.39078143060703,-59448.592386546195,$\mu_\alpha = 10^{-7}$ | $\mu_\beta = 5 \times 10^{-3}$ | T=3,"$\mu_\alpha = 10^{-7}$, $\mu_\beta = 5 \times 10^{-3}$ T=3",-112003.13039916242,-188.4033345497846,52554.53801261622,single level,0.0,0.0
bud=5.00e+05_lam=10_alfa=0.1_mu_al=1.00e-08_mu_bet=1.00e-03_python.mat,500000.0,10.0,0.1,1e-08,0.001,False,-17238.58119129308,819339.1431838343,802100.5619925412,394216.3520554994,11255.632269838825,"$\mu_\alpha = 10^{-8}$, $\mu_\beta = 10^{-3}$ T=3",$\mu_\alpha = 10^{-8}$ | $\mu_\beta = 10^{-3}$ | T=3,17238.58119129308,3,76.25486950540605,-59448.592386546195,$\mu_\alpha = 10^{-7}$ | $\mu_\beta = 5 \times 10^{-3}$ | T=3,"$\mu_\alpha = 10^{-7}$, $\mu_\beta = 5 \times 10^{-3}$ T=3",-42210.011195253115,-71.00254102030792,52554.53801261622,single level,69793.1192039093,132.80131810340487
bud=5.00e+05_lam=10_alfa=0.1_mu_al=1.00e-07_mu_bet=5.00e-03_python.mat,500000.0,10.0,0.1,1e-07,0.005,False,-59448.592386546195,775802.6656612616,716354.0732747155,394219.2988433304,5614.645612457767,"$\mu_\alpha = 10^{-7}$, $\mu_\beta = 5 \times 10^{-3}$ T=3",$\mu_\alpha = 10^{-7}$ | $\mu_\beta = 5 \times 10^{-3}$ | T=3,59448.592386546195,2,18.11306462671957,-59448.592386546195,$\mu_\alpha = 10^{-7}$ | $\mu_\beta = 5 \times 10^{-3}$ | T=3,"$\mu_\alpha = 10^{-7}$, $\mu_\beta = 5 \times 10^{-3}$ T=3",0.0,0.0,52554.53801261622,single level,112003.13039916242,213.1179050080794
bud=5.00e+05_lam=10_alfa=0.1_mu_al=1.00e-08_mu_bet=1.00e-03_python_longrun.mat,500000.0,10.0,0.1,1e-08,0.001,True,-17238.58119129308,819339.1431838343,802100.5619925412,394216.3520554994,12814.865376420319,"$\mu_\alpha = 10^{-8}$, $\mu_\beta = 10^{-3}$ T=10",$\mu_\alpha = 10^{-8}$ | $\mu_\beta = 10^{-3}$ | T=10,17238.58119129308,3,76.25486950540605,-59448.592386546195,$\mu_\alpha = 10^{-7}$ | $\mu_\beta = 5 \times 10^{-3}$ | T=3,"$\mu_\alpha = 10^{-7}$, $\mu_\beta = 5 \times 10^{-3}$ T=3",-42210.011195253115,-71.00254102030792,52554.53801261622,single level,69793.1192039093,132.80131810340487
bud=5.00e+05_lam=10_alfa=0.1_mu_al=1.00e-07_mu_bet=5.00e-03_python_longrun.mat,500000.0,10.0,0.1,1e-07,0.005,True,-72598.38473078841,763448.76045183,690850.3757210416,394257.7423609234,12387.115655677393,"$\mu_\alpha = 10^{-7}$, $\mu_\beta = 5 \times 10^{-3}$ T=10",$\mu_\alpha = 10^{-7}$ | $\mu_\beta = 5 \times 10^{-3}$ | T=10,72598.38473078841,1,0.0,-59448.592386546195,$\mu_\alpha = 10^{-7}$ | $\mu_\beta = 5 \times 10^{-3}$ | T=3,"$\mu_\alpha = 10^{-7}$, $\mu_\beta = 5 \times 10^{-3}$ T=3",13149.792344242218,22.11960252774319,52554.53801261622,single level,125152.92274340463,238.1391359835767
bud=1.00e+06_lam=10_alfa=0.1_mu_al=0.00e+00_mu_bet=0.00e+00_python.mat,1000000.0,10.0,0.1,0.0,0.0,False,52553.541401874274,892730.7345402546,945284.2759421289,406247.2502898397,5703.012553492561,single level,single level,-52553.541401874274,4,172.2083271707347,-60991.326850843034,$\mu_\alpha = 10^{-7}$ | $\mu_\beta = 5 \times 10^{-3}$ | T=3,"$\mu_\alpha = 10^{-7}$, $\mu_\beta = 5 \times 10^{-3}$ T=3",-113544.86825271731,-186.16559782409107,52553.541401874274,single level,0.0,0.0
bud=1.00e+06_lam=10_alfa=0.1_mu_al=1.00e-08_mu_bet=1.00e-03_python.mat,1000000.0,10.0,0.1,1e-08,0.001,False,21167.17004076147,859268.2893453443,880435.4593861058,403757.98651878856,5707.821899652481,"$\mu_\alpha = 10^{-8}$, $\mu_\beta = 10^{-3}$ T=3",$\mu_\alpha = 10^{-8}$ | $\mu_\beta = 10^{-3}$ | T=3,-21167.17004076147,3,129.08359548776988,-60991.326850843034,$\mu_\alpha = 10^{-7}$ | $\mu_\beta = 5 \times 10^{-3}$ | T=3,"$\mu_\alpha = 10^{-7}$, $\mu_\beta = 5 \times 10^{-3}$ T=3",-82158.4968916045,-134.7052132388048,52553.541401874274,single level,31386.371361112804,59.72265716805421
bud=1.00e+06_lam=10_alfa=0.1_mu_al=1.00e-07_mu_bet=5.00e-03_python.mat,1000000.0,10.0,0.1,1e-07,0.005,False,-60991.326850843034,772003.6801736578,711012.3533228148,394231.5291950282,5616.69696804136,"$\mu_\alpha = 10^{-7}$, $\mu_\beta = 5 \times 10^{-3}$ T=3",$\mu_\alpha = 10^{-7}$ | $\mu_\beta = 5 \times 10^{-3}$ | T=3,60991.326850843034,2,16.19819394957419,-60991.326850843034,$\mu_\alpha = 10^{-7}$ | $\mu_\beta = 5 \times 10^{-3}$ | T=3,"$\mu_\alpha = 10^{-7}$, $\mu_\beta = 5 \times 10^{-3}$ T=3",0.0,0.0,52553.541401874274,single level,113544.86825271731,216.0555982030696
bud=1.00e+06_lam=10_alfa=0.1_mu_al=1.00e-07_mu_bet=5.00e-03_python_longrun.mat,1000000.0,10.0,0.1,1e-07,0.005,True,-72780.44439059333,755500.1142067104,682719.669816117,394285.16355048976,12384.784212756902,"$\mu_\alpha = 10^{-7}$, $\mu_\beta = 5 \times 10^{-3}$ T=10",$\mu_\alpha = 10^{-7}$ | $\mu_\beta = 5 \times 10^{-3}$ | T=10,72780.44439059333,1,0.0,-60991.326850843034,$\mu_\alpha = 10^{-7}$ | $\mu_\beta = 5 \times 10^{-3}$ | T=3,"$\mu_\alpha = 10^{-7}$, $\mu_\beta = 5 \times 10^{-3}$ T=3",11789.117539750296,19.329170471370627,52553.541401874274,single level,125333.9857924676,238.48818262130985
bud=5.00e+06_lam=10_alfa=0.1_mu_al=0.00e+00_mu_bet=0.00e+00_python.mat,5000000.0,10.0,0.1,0.0,0.0,False,52553.1546637679,892730.820593984,945283.9752577519,406247.35293288005,5695.899393759668,single level,single level,-52553.1546637679,4,172.40482850228452,-59427.53572634177,$\mu_\alpha = 10^{-7}$ | $\mu_\beta = 5 \times 10^{-3}$ | T=3,"$\mu_\alpha = 10^{-7}$, $\mu_\beta = 5 \times 10^{-3}$ T=3",-111980.69039010967,-188.4323302681946,52553.1546637679,single level,0.0,0.0
bud=5.00e+06_lam=10_alfa=0.1_mu_al=1.00e-08_mu_bet=1.00e-03_python.mat,5000000.0,10.0,0.1,1e-08,0.001,False,21882.070041577448,860488.4407785643,882370.5108201418,403765.6612923973,5690.918115416542,"$\mu_\alpha = 10^{-8}$, $\mu_\beta = 10^{-3}$ T=3",$\mu_\alpha = 10^{-8}$ | $\mu_\beta = 10^{-3}$ | T=3,-21882.070041577448,3,130.1479052736622,-59427.53572634177,$\mu_\alpha = 10^{-7}$ | $\mu_\beta = 5 \times 10^{-3}$ | T=3,"$\mu_\alpha = 10^{-7}$, $\mu_\beta = 5 \times 10^{-3}$ T=3",-81309.60576791922,-136.8214326475564,52553.1546637679,single level,30671.08462219045,58.36202378034641
bud=5.00e+06_lam=10_alfa=0.1_mu_al=1.00e-07_mu_bet=5.00e-03_python.mat,5000000.0,10.0,0.1,1e-07,0.005,False,-59427.53572634177,775832.011421253,716404.4756949112,394231.20316259656,5598.939095098525,"$\mu_\alpha = 10^{-7}$, $\mu_\beta = 5 \times 10^{-3}$ T=3",$\mu_\alpha = 10^{-7}$ | $\mu_\beta = 5 \times 10^{-3}$ | T=3,59427.53572634177,2,18.124029658952146,-59427.53572634177,$\mu_\alpha = 10^{-7}$ | $\mu_\beta = 5 \times 10^{-3}$ | T=3,"$\mu_\alpha = 10^{-7}$, $\mu_\beta = 5 \times 10^{-3}$ T=3",0.0,0.0,52553.1546637679,single level,111980.69039010967,213.08081523660334
bud=5.00e+06_lam=10_alfa=0.1_mu_al=1.00e-07_mu_bet=5.00e-03_python_longrun.mat,5000000.0,10.0,0.1,1e-07,0.005,True,-72582.38953236351,763479.4738499459,690897.0843175824,394278.9346320652,12364.519228711724,"$\mu_\alpha = 10^{-7}$, $\mu_\beta = 5 \times 10^{-3}$ T=10",$\mu_\alpha = 10^{-7}$ | $\mu_\beta = 5 \times 10^{-3}$ | T=10,72582.38953236351,1,0.0,-59427.53572634177,$\mu_\alpha = 10^{-7}$ | $\mu_\beta = 5 \times 10^{-3}$ | T=3,"$\mu_\alpha = 10^{-7}$, $\mu_\beta = 5 \times 10^{-3}$ T=3",13154.85380602174,22.135957086624977,52553.1546637679,single level,125135.5441961314,238.11233597058356
